"","CIT100","CIT102","CIT103","CIT105","CIT106","CIT107","CIT108","CIT112","CIT120","CIT127","CIT129","CIT12","CIT130","CIT134","CIT135","CIT138","CIT139","CIT141","CIT142","CIT147","CIT148","CIT14","CIT150","CIT151","CIT153","CIT155","CIT156","CIT15","CIT169","CIT170","CIT171","CIT172","CIT175","CIT177","CIT178","CIT179","CIT17","CIT180","CIT181","CIT182","CIT185","CIT186","CIT187","CIT188","CIT190","CIT192","CIT193","CIT194","CIT199","CIT19","CIT1","CIT202","CIT209","CIT215","CIT218","CIT219","CIT220","CIT221","CIT239","CIT23","CIT240","CIT241","CIT242","CIT244","CIT247","CIT249","CIT250","CIT251","CIT252","CIT253","CIT254","CIT255","CIT256","CIT257","CIT258","CIT259","CIT25","CIT260","CIT262","CIT263","CIT265","CIT266","CIT267","CIT268","CIT269","CIT26","CIT270","CIT272","CIT273","CIT274","CIT275","CIT276","CIT277","CIT280","CIT281","CIT282","CIT283","CIT285","CIT286","CIT288","CIT289","CIT28","CIT290","CIT293","CIT294","CIT299","CIT2","CIT300","CIT301","CIT302","CIT303","CIT304","CIT308","CIT30","CIT310","CIT311","CIT314","CIT316","CIT318","CIT31","CIT323","CIT32","CIT33","CIT344","CIT345","CIT346","CIT347","CIT348","CIT349","CIT34","CIT352","CIT353","CIT354","CIT36","CIT37","CIT38","CIT39","CIT40","CIT43","CIT46","CIT47","CIT50","CIT53","CIT54","CIT55","CIT56","CIT60","CIT62","CIT63","CIT64","CIT65","CIT67","CIT68","CIT70","CIT72","CIT73","CIT74","CIT75","CIT76","CIT78","CIT79","CIT7","CIT80","CIT81","CIT82","CIT83","CIT84","CIT85","CIT86","CIT8","CIT90","CIT91","CIT92","CIT93","CIT94","CIT96","CIT97","CIT98","CIT99","CITN196","CITN327","CITN328","CITN329"
"EMX2",-0.670580161180955,-4.13408236157439,3.43341403799212,8.51225012701021,-2.12922814838153,2.17008821446169,-3.27294679618347,3.83500017071685,-14.9437832566106,-7.07898410134985,-1.65435209922034,-15.2785030940756,6.5728228686086,-4.0614048482143,5.80911841687702,-7.71408296534066,6.64240447356402,-10.2684555296438,1.89865939143131,2.70541079745393,13.6700703286979,-15.0706251312547,8.95155326241422,1.94803177334167,7.58186539662211,1.68058220406459,1.65844451272577,-11.5059140355051,12.0964717027237,-10.7789572655149,10.5471910362158,-15.1354983991626,1.52213224038542,-0.716458531553552,3.88971482360034,0.39820111668492,2.36145478803352,-10.8815622331934,-10.1558420860186,1.41547115977414,0.0531128564352249,-5.51029366768633,-4.24918230696003,-19.2103834625964,-15.7879651423488,-4.69164170244551,-1.41435819176514,16.0546045504962,10.1171294932409,-14.2881970594197,-0.293400805774439,7.47443685273666,14.0457967470876,6.51550012089408,13.5106840251732,13.0563984413255,13.4317069446988,12.454373286408,5.58241093195401,-3.14268719697013,9.19393498531427,12.4991574923906,4.77689457448132,9.04843364162205,8.60188037691531,9.94300992604537,6.52676506313122,17.284432056714,-5.63560160676612,-4.13092304555339,-13.1865672215885,2.49826462122574,-0.202537114096013,6.75675323535011,2.42081114624277,3.9148803321572,-9.47562464815255,-4.37297009727287,-20.4245925964216,4.34272072891295,-1.34540927468605,-1.5603764693799,-0.5864608562559,-9.57056718442436,-11.3708197011764,-5.88567970922043,11.548199429827,8.35824389948656,3.2159903085154,-0.0428024726511884,9.41674008986992,11.8689713435603,3.51417732836105,3.43541139555907,1.06122964824197,-1.61633935114554,8.55842110844579,6.99006901893852,3.20772276373048,4.01392263633053,6.7044015784446,-17.3889990308118,-0.662708669045865,7.19924862503411,-4.67155854294474,11.7463303282897,-5.71260743121167,11.2766170079403,12.8295984882463,7.82780781303491,14.4726971764608,10.3322943517217,5.35331877339155,-13.6068477753195,6.49687306818464,12.2542301676822,11.0367085230073,12.3270855255141,5.53849893282726,-20.5572848642193,8.8959359107566,-16.2540671588063,6.85175312567639,7.58272268930881,8.21287050680112,10.3409110641961,9.45906982230169,8.70384524442387,6.67978768806581,-2.36053894673741,7.61073739750271,9.18747323706953,9.77540342780793,-12.1980288307572,1.72153694098574,-15.2368373912621,-1.71006397722084,-2.80089341326167,2.29226781910814,0.0719511587623727,4.59431342989442,-14.1753744022592,7.7790960952877,-0.532566686119312,-5.0018134786856,7.57691634262931,-3.02408101788312,4.81965660276319,4.3125280481127,9.67465913767008,-4.59424311806433,5.13416982511431,3.91008674246164,-6.0851620068918,-16.3810531857339,-2.00882522450202,3.82791219499979,-13.7455880701686,0.768194141574425,-16.2146494957206,-10.9755561147932,-4.40801109317476,-4.06064855783019,-12.5233351885317,2.82975750009223,-11.4731579219781,-16.0496984703736,5.23687064945065,3.22748823244248,-6.09326315339274,9.35912433699744,-3.57092244018352,8.03392071217638,2.8950509230096,-1.51190731579292,-8.18590001683796,-6.75879174143335,5.42644018734827,2.76866749285341,16.618029416388,6.251739190024,6.94368169051493,13.4121528678945
"EGR1",6.27212073927002,14.563271975617,-6.80558750713788,-4.34778837906208,11.9621416494702,-3.97575140500243,5.97202706741248,-3.72474983539829,12.0230123763981,8.54474134023057,-2.47929321491692,5.03305388857121,-0.471139341913423,9.60238541306918,-8.85091593927296,7.97034822125683,-4.88171674045853,6.29713792124966,0.445167285350198,1.17069445098903,-14.8722193411484,13.6541078426931,-5.53702146915139,-8.56861025273587,-10.3368569812925,1.25790330035377,2.50958200205183,17.5912499351035,-8.04126589531156,7.86463816151852,-11.6614646107928,11.3447154013956,2.32359110021451,4.95888592999352,-9.85077155595009,7.09754780928549,4.24137695856237,7.29775466797686,5.80945917830028,1.00553031438855,13.0810893471348,13.7207558397245,11.8555407978395,8.07566078456431,7.00395584322448,6.03785759953126,-0.782361828441382,-6.6363259696028,-1.09981371685356,9.50712970115549,6.42828084135071,-8.4972441427466,-11.4855336121615,-9.18365991582076,-14.5192794060704,-5.26896281593897,-13.194102148884,-16.6723613097923,-13.768108663821,3.79617091307152,-10.1791821450162,-13.3297585649543,-3.30473936433158,-8.04989427619395,-11.0433355359868,-17.6548662900948,-15.5125691213459,-20.1138636789414,20.6535387418299,7.31210957511421,15.04022617422,-16.0828894972816,-3.14597072870372,-2.41384880151796,-7.50976489589981,-1.03109398447108,13.1788373926762,7.43555229153736,17.6558437405367,-6.57203818843358,2.98022647527728,5.07956991209197,6.9189359678034,6.68587923673847,14.2144875187794,23.2121467829324,-10.048798621081,-17.9781995520508,0.333783981060207,10.2620337402908,-6.65065054299925,-2.88914016425579,10.3309010359998,-2.93147405679049,6.37976561831497,-2.58874087342576,-10.7701434871244,-8.25717122613009,-7.10523497297608,-9.113449125697,1.35977085121157,10.8906140931883,3.50243849473831,-11.0252299683895,1.73385402623189,-12.1159482607425,16.7988333029401,-7.33741677141309,-9.32160922363474,-8.55533026023981,-16.753917131181,-11.5633102640639,0.420987971234323,15.2261696236129,-5.51823984743815,-6.54427306234519,-15.6541224680846,-6.77495849588854,-10.6972592084565,12.3916423986149,-8.68067859998356,8.14541885695634,6.24744086637143,-6.86760640068146,-11.8993536387946,-15.5910198643526,-16.0889168073259,-15.1637646957884,-2.85403304378999,4.56031664536516,-1.97606723889423,-14.1063736576775,-10.173526551127,17.5757666034358,2.19133533993918,7.12600663181523,-1.34466149889906,6.4763789730968,0.0632067198029686,5.2377514208521,-4.90597572959886,5.77283443847168,-13.6949683770373,-4.32864347335922,6.56659143334356,-17.6391730930196,-7.04952121966668,2.63305705917632,-10.1096755178457,-12.3030963231673,-0.811549835760265,-6.27796140363076,-2.89886640934944,10.5571948585234,10.9736287011785,5.98289726729,-4.54888669648872,4.79258983538965,5.16528270284347,7.42876027669954,34.7717329989647,7.57408901867876,13.3902960020168,6.30198147364015,0.102304923499194,20.5100722075278,9.65304157293382,-11.7627783919437,-8.37357353447931,3.87274917170937,-6.16197636197105,15.698385419636,-10.380382789435,-2.29210756962328,-4.53261461330822,16.7132431622026,0.673469390167076,0.869954915818921,-8.76554018529118,-9.48014166265453,-5.04252293001837,-4.43029926609467,-9.44129119903922
"TGFB1I1",7.03486034663112,19.8195343467129,-4.91851779153487,-5.55558936462763,12.7029957212301,-3.14194239470921,9.58334237282604,-7.26762140809945,12.6456084895183,7.28319529445993,-0.40024969291336,2.4074458724302,2.72022407824748,4.45531684580794,-9.77757696228357,14.4752797273928,-6.69917175748257,7.99112396201575,-5.15660016236054,-0.0532434698278781,-14.0118635771778,11.8570978509751,-7.1085736451504,-8.73485452649929,-8.0127174351412,-0.274819773101451,-0.447895940144809,20.6054146218234,-10.196394305811,10.2757087624459,-9.90713855881779,14.2945670559839,0.424962254630175,5.40451906707775,-10.6787959196853,6.4817251558663,3.69815264841003,6.86357071172967,2.02940789222192,-3.46728262837411,17.6125559924615,13.646845221461,15.4375630319555,11.5489035562537,6.59273335211251,7.00456380229372,0.893091383961314,-3.78323467962626,2.2833533007846,10.3783003005491,4.01168928792338,-5.93282789881829,-5.87300289977287,-7.18007269572918,-12.6388966212602,-3.48262096461238,-8.19669542643068,-14.1605536939373,-8.54048004390292,1.01922390943765,-10.9999274919848,-15.808516885099,-5.6824143776935,-7.57691302257775,-9.14501495869446,-14.1562062966332,-13.4047033977115,-13.5765176945959,16.4128567934565,4.80304671601834,13.5918620508309,-15.7087876014074,-5.02455396595802,-1.76227254172594,-7.98453884537108,-4.56868099603349,10.6141054349307,4.56279667106187,14.873360152207,-6.38294645011836,1.73381410083968,5.77985221991256,5.17801584214434,4.47845277385922,14.1191357605194,24.3753172968052,-13.0498286452716,-15.0343152331894,0.155047017083856,11.3627835846485,-8.2199350272213,1.60315238709662,11.945140272711,-2.68854085436606,8.26900717177196,-2.52123422803504,-10.4521755439503,-8.39597726746905,-7.04781191639695,-10.5175727172659,3.55684462087863,10.2924293838288,4.09287067617254,-9.11238322197415,1.05088628521826,-8.85475226779433,22.0543151087436,-10.9983589154055,-14.1428072958896,-3.04653166150228,-14.1796755536711,-10.9349702551856,1.39623258369921,10.5565651563509,-6.13928627496211,-4.15505965593527,-14.6604239892922,-6.50133189828202,-9.22799159027471,12.8396635506066,-10.764830192222,8.70453829896626,7.57971082484089,-6.72140719973573,-8.66516496344323,-11.7448253194417,-12.9210544677458,-12.4743838839552,-2.38135276638624,6.70087288916575,-2.27547191805901,-14.1376239261377,-9.98257859786808,11.2952872913092,4.35676322201334,4.91846290826334,-2.77821378880221,8.96418759852823,3.18845050976839,7.70223820340805,0.240868431409119,4.26155285904228,-8.10700016337125,-4.75501648249227,5.83408923083744,-10.5676529364249,-6.32089445608853,3.22165092196913,-6.79125284682958,-10.9202536251818,-1.32545014220291,-7.55840288689673,0.985618020934866,12.9039586321175,8.31475008017633,2.86489054683941,-6.55023036063017,3.59030051070442,6.57037376779975,2.37376909748629,27.7911585585341,8.97322960385198,9.86834951849652,6.93204626010506,-1.00255697128983,25.8752722868753,6.91476700249208,-8.58738405704914,-6.00248085348955,4.14013329620218,-8.89305048311124,17.3623657805861,-8.41387234074081,-3.60442928627995,-7.23696483812662,14.3158159697062,-4.011230284918,-1.61740386096195,-7.71847812005291,-10.380444595658,-7.79135994604041,-6.97633898770396,-12.6825855954391
"EGR2",4.5810890604067,14.5042788873959,-8.66442036649048,-7.40807459738977,11.4323309873168,-9.66810971290116,12.391082372826,-4.85468246266484,21.5117790773538,10.5607146459189,-1.02226888069295,11.3751781967211,-1.70058607648615,8.44393017013357,-11.4950838979176,9.70296481811288,-9.85083054558218,10.6826269542709,-1.07793106328689,1.96708335192976,-25.4258025492526,22.8640588989074,-17.0420173216526,-8.01897161251134,-14.9244072069414,0.586846057704966,4.61969915817132,20.5188219064281,-15.1786658377856,10.6622865108161,-18.795791361911,22.2507526981425,1.79262680709772,9.64548409410796,-9.31828865826512,9.97658002169599,0.657414671344387,14.5722192791711,12.468293822644,1.81746015427413,11.529364303046,16.7402329682854,12.4097739320627,20.6013853266238,17.0759909251529,6.1405212955233,-1.93104217395475,-17.9784833726105,-6.91712364464836,17.3131379227649,4.21656860866054,-11.2052035794978,-19.0466153232196,-15.0120724251686,-28.7863815692795,-18.2621573933201,-26.2297388476397,-24.8476642392752,-10.673995819661,5.57270221128949,-14.0311250849722,-23.7397113643482,-8.67538897029649,-17.3536137450286,-19.9044250028117,-25.7574973465281,-17.2917138874716,-34.6824691327254,24.7923893817078,11.1939409272215,22.1383428803708,-16.3408525859689,-6.68492201517755,-4.50126195937608,-9.93336323071328,-0.604415385730116,13.7174806252935,9.95818138529322,34.8412035362727,-8.28709151859229,5.7161288482109,8.4823442659874,8.22741578979566,12.6155677144678,25.2873693989736,23.0665836313613,-22.810972723734,-20.7212434982357,-1.24140987300903,10.1590715008646,-11.7268417972808,-5.71925952075846,8.72533880513151,-5.72062829876283,4.48264220704697,-2.7576736603274,-20.8866298433621,-12.3790943896744,-7.16251768828349,-12.9289105522206,-3.01505856373281,19.9287722183468,6.93895464814426,-16.0157927763035,3.01135557403582,-18.7550287338375,19.9558086341554,-19.6994802981666,-26.474189736008,-10.4540970516419,-27.7893695969165,-18.9879572479675,-0.1110966906488,19.2173503554489,-10.9885333720576,-15.3471323831576,-23.424685358638,-17.7755096063052,-17.5151271433855,24.122162782841,-14.5307124550344,15.0833912735172,0.726688366862604,-11.7320446650767,-17.7237139061751,-20.2623364172558,-21.7858073990799,-18.7765637565012,-10.109164117583,7.37226750912316,-9.66456729151891,-22.4841290761632,-17.1604385330509,25.4391101449028,-1.21044133011641,19.2551547679893,-0.798918717409239,12.8256306040493,0.384884596214391,0.761519488468094,-5.99884178282935,11.3571087832263,-17.972224920209,-6.39344534060405,8.55029195280892,-16.6476679936108,-8.0458174566796,-2.60717974649673,-13.0686882402794,-20.6517424598223,-0.591945039918304,-9.3101995404732,-5.99164939289686,15.0138576735403,20.3299802152342,8.79846057925606,-10.7820564724202,13.9065041912446,3.87466824580964,16.9837501369559,28.5892523553831,8.75433200167032,12.9212421590784,12.9768496115871,1.10716996201852,27.948910113344,18.6290322376508,-13.3662985852014,-9.56595929616441,6.19638273998603,-10.3368300926779,15.8133809697397,-15.6873144664532,-4.86710846794422,-2.80364506992098,20.1794037427202,3.08956233695334,-4.20299044375788,-11.3693738979808,-23.8252828499896,-13.1441934237714,-12.0374613580102,-20.4576713533335
"PLAGL1",5.74390747781422,18.7804492226699,-10.0752454057487,-7.00151516845004,13.4972269556334,-7.33383987955063,9.34901321557021,-8.2469075219843,14.8866571002029,13.7652596338976,-1.68418900175675,9.49526878464116,-1.82497185787845,11.2040359968771,-14.6061943625323,11.6944490259398,-8.11026108495019,8.43345998878166,0.420334624985572,0.692375333054564,-21.7229018068104,18.62826880926,-12.1255292727934,-10.1963853467321,-17.2002635294082,0.65299420055329,4.00943021206861,17.7698736152213,-16.4113665459857,10.0075086617748,-18.4034515720229,19.372229607496,3.50133646998362,8.3437528063327,-9.58621376052734,7.47197769016447,4.59503664347677,12.6725245064498,9.18948984750713,1.57167580979351,14.6095200156103,17.3826674169993,16.1280249001976,15.0388809991956,11.3120492647783,6.41440342945035,-1.41844942292918,-13.8896995825889,-3.31549409331176,16.8367313622364,8.12564973000597,-11.4597586479777,-17.7417373250279,-12.5950314920178,-25.6533184159961,-13.1331626071771,-20.3159108334654,-22.023715787362,-12.4617886339385,6.33344835083335,-13.7699037177201,-20.6149343182039,-5.5927420893927,-14.3445926956655,-15.4589136705593,-23.7972321062787,-17.9506084264669,-29.6618034901361,23.3518732338031,9.0407176310015,20.1703430839482,-16.8663598296503,-3.80531450990024,-3.9682412870652,-8.28169185428623,-1.87882290782533,16.465258366401,10.0179901301937,25.7986770887932,-8.62017668098494,3.47603648630678,8.8874326363263,8.13078952137692,9.97959534984287,24.074222577493,23.2302577604989,-19.6537832892688,-18.7120226815355,-1.27070261832135,13.8640837489111,-8.39206054646538,-4.58253838315511,12.5414183892831,-6.00187136942152,8.12075234202086,-1.42547069403333,-17.7772803273323,-11.1432338616469,-6.38387911430572,-10.6924387575313,1.25028089089855,13.7948496618031,5.69503806990862,-18.6889306299289,0.790145136658987,-14.3519956529874,20.4471837039639,-14.5385129371633,-19.6383119978811,-10.1196985066552,-22.8755316246244,-19.8203573299985,2.6227317191668,15.4257142127124,-11.103356829389,-14.0520377871117,-17.7611020268844,-13.7187604733679,-13.8402824656837,17.5264811661883,-11.8916276631818,11.9038492295509,5.90124257062715,-9.97067855287096,-17.3116067024347,-19.0614432453581,-22.0211117661761,-16.7161330678697,-5.83149289452421,6.66513986508256,-5.43893304616494,-22.0688627071433,-13.171148543101,23.819063164822,1.28566366879155,12.8139313207374,0.767570601998562,9.38986813293114,2.88114791143014,1.40719967025987,-5.83459665502275,11.5895306333195,-14.1420973128487,-5.26832373189926,8.28283718002018,-13.6649397649974,-7.35090833643705,0.814660758287154,-13.1437441559351,-20.6872528276839,-4.16202319840316,-8.56186535969625,-5.61577383559514,15.08939241472,14.9227603908395,8.87380702341311,-8.73723636504125,9.81384303063613,3.57825137917097,11.4725709939215,27.8105441052462,7.71404715147922,16.9651708937562,9.29403405850548,0.524342766680284,27.256755939262,15.6537652146613,-12.827152763197,-10.4259599381708,5.15570945306871,-11.7534050127042,19.6483356016847,-16.4464805331596,-3.64398375043466,-4.46612851284345,19.2727026661648,3.25806105184598,-0.964464209139571,-9.91070602969523,-19.0853184697659,-8.21957696277152,-7.7010870282528,-16.4481816123775
"SOX9",6.18411931880973,10.6276447893066,-4.74964201059974,-4.48559962390597,12.3229266100931,-1.96870563862843,14.3402806073014,-1.83520775904182,23.8232930078385,11.3944707495498,0.351769155636913,14.3652125991703,-4.20263503313869,13.4308910690637,-15.9132901905277,12.8228718184263,-5.04734197443385,13.4418994116224,2.78927859800611,1.53953639892478,-23.6640014657208,24.2393392562638,-13.24997989432,-10.9973985474451,-13.5069002011118,2.3341482067911,6.38797267766305,18.2196135931162,-10.6925273233104,12.5407664099051,-15.4542712288122,25.865982670717,1.63247768985971,4.00777425217338,-10.7246298415306,6.97843070836942,2.35794668927004,13.1194784053544,13.718294377334,4.51683482011878,9.10972094136052,12.1884636697455,9.40300668881408,22.6955217398927,17.7888708673126,9.68826148469018,1.0837266019396,-16.1783330923451,-8.67230349035469,20.9554371207921,5.24834612919272,-10.7333290312265,-20.1008591126816,-15.262712335982,-23.2526889446516,-14.5691531856146,-21.1617707212275,-25.5599864617887,-11.8811579034075,8.09982748823303,-18.5163545682586,-23.4819950227743,-1.60252543120637,-9.98381608062297,-13.0873098706855,-20.796092132271,-17.2571202807853,-22.6661298526668,13.9679663584701,4.15749838156159,18.1653734389876,-15.6467648694717,-1.3450418891899,-0.700263359041462,-5.07911836603681,1.65281893464526,11.6719690337527,6.52452153613497,30.9525246526261,-11.2195596156001,4.78314603478688,10.0677664166356,6.12297475422925,11.8966147000062,20.4159564782016,13.9746167550416,-23.1864072244614,-24.1556913766734,-1.99217742682959,3.50734941812618,-6.03340218423713,-10.6399766801912,3.05822564299092,-4.82381788673939,5.97489288331029,2.22190711841787,-13.7844143588075,-16.8254219926494,-4.63716071757944,-8.30519259782948,-1.38254671649478,21.2245958165799,8.33765272252563,-12.7968963387056,5.46723517935621,-17.9435769912624,14.0391206811954,-19.0031498236479,-21.3769953020157,-17.8805686212495,-21.9299969122287,-22.4321732923945,2.9692741899999,20.1369785396204,-5.78520088890993,-16.5684564128342,-19.6423464478336,-17.7363110566421,-10.8337188702262,25.959291173266,-13.0797035740463,19.1255501779229,-2.75180790508713,-12.99451017714,-18.867435614404,-20.730319545986,-21.0111512415939,-19.8657517465735,-9.60880776806331,7.1349262107269,-10.0866767498564,-20.8606344853125,-20.0651189100706,20.1185388345433,0.393344107456697,18.2185399039942,1.7311679831374,13.4276867748766,-2.72663890136602,-0.557024168890802,-5.26471338464129,14.6748672971426,-15.7269949519939,-2.66137917072185,9.24369164342678,-14.4418471766796,-4.21883650835198,-2.08170723102128,-13.1691804618836,-18.349859870236,4.33254438881506,-9.66272687879903,-8.0696760860868,16.2244040721388,21.2258855545584,6.15860361458151,-6.90007140064321,16.1895993920109,3.65609237574382,18.4190179583914,19.6707608012506,10.4319154750499,9.03669069234388,13.3239749176764,3.086013890001,24.7699860710597,20.6385229815178,-9.93072190783901,-7.30262618108487,8.6133270225499,-8.60893609201749,13.4005477993077,-16.3012386949601,0.653547739019906,-4.77185091078726,17.2701866141439,5.42838728513517,1.53266040754529,-10.9865300721988,-19.6920311232095,-6.59287797319957,-7.91378191056806,-17.6181336659656
"HOXA1",-5.68984628892522,-3.64662041947754,0.745115064900626,-3.3663985053183,-7.58213069633459,-2.5561888907653,-4.85544234353168,-4.34178000043214,-6.84079251142663,-2.90652063031823,0.243708409897479,0.2781666820805,-4.01592490417,-5.86586551734852,4.29773904779632,-1.15292097369004,-1.75494973178307,-2.21727346793223,-1.66887269515844,-4.67188932640071,11.4955011498443,-4.7151976050241,8.2919384327415,4.43847108331373,0.138099485919627,-8.98988590553028,-7.30811572791895,-1.75828459850082,-0.195576555840688,-1.23330589499714,2.25365566215567,-5.5267689098895,-6.40065581289176,-3.35373490124994,3.38434756002894,-5.33821106587349,-2.8877307099665,-4.4371891842161,-5.92068309773825,-3.80142175732514,-6.90521750496789,-4.4131668437938,-2.56734375775385,-1.71323643874283,-3.5237485022018,-5.66586829726333,-0.00124580415415866,5.99995343317805,2.07273362163703,-3.88309897695008,-2.3601534260843,1.68698236510345,7.45063535047334,7.47608405979908,12.2544607813122,8.45944799706865,12.74738522919,13.8769228583133,6.58265138608997,-3.87574935991935,10.52992946008,12.8894641673829,-4.21580141000333,1.74586466829365,9.74415839759599,8.80632766677821,6.89104527260599,5.06595370083136,-5.82095920429935,-2.91695316204946,-6.35462126702246,9.69242240594731,1.30751103219046,-3.90725613068322,-1.1947075991095,-5.43323689532589,-0.815709753642803,-5.22022390659569,-6.010056022743,3.12730977067865,-1.80582303362128,-5.5010850188396,-2.94452017631276,-5.85890300823459,-8.46439694505129,-4.62023427479993,14.1428935066037,18.3558272191913,-1.73329462660001,-1.06993315402939,-4.70880934179391,-0.151123807111541,-4.77113389143903,0.675907480015115,-2.6647564538584,-1.3297978578099,5.63757904592897,11.3236390850576,-2.61556136877455,-0.0347601473210194,-2.50507062531703,-5.26125636308284,-4.74365080778405,2.58913709548868,-2.84004428574341,12.1302781479385,-6.46615213580926,12.7470023128745,12.7438487551495,8.80483623747781,8.50143797074935,10.8655728340583,-7.104233338075,-5.32184877052437,-1.8660646479144,6.13116476261515,10.3021859463106,9.24127742020262,4.73567178724962,-4.49008227957118,3.1747804892331,-3.55863230276793,1.87979835512575,6.75597211771058,10.5866981211306,14.1889146089246,8.78803790137446,12.5762580633396,3.14342502504986,-3.89525572562209,9.12422942986698,10.6279765720435,16.266235611379,-4.83070259151127,-1.0783852634399,-4.90885890313688,-2.06219570730306,-5.78832049434894,0.207833130693969,-0.551823228744815,1.82549025799274,-1.21350884707891,10.5778953673805,3.3749791167549,-4.53666317697435,7.79159784040135,2.09140765391403,-1.47754577895506,7.89138899435684,4.60156466345066,-1.08122976385152,7.67539292496405,6.34005390592235,-7.51217717476415,-2.99165270251152,-5.15207831439289,1.08006978718264,-0.891771508827106,-6.00592168518667,-4.48741318536457,-5.80601171612977,-5.12005439959537,-6.80105922791035,-2.83520529103345,-2.6444056958997,-7.76551143611679,-2.96680273168556,2.76354292438263,2.08324193464456,-4.6922122804141,-0.898585786291109,-3.78038167204926,6.93258526645897,-3.07910624131705,6.08626268290659,-7.46634575651482,-1.11096438889517,-3.96771736256008,7.5952294906612,7.07966247177744,5.48814891175547,6.81809303184661,8.51251179392559
"HOXB6",-7.25148837419934,-6.20054699270297,2.75260445029003,-1.4492148753884,-14.1199728607628,-1.50153851665765,-8.80968683558189,-3.24220924797539,-12.8136757520419,-4.74159481872018,-0.491081117008423,-6.92911107320176,-3.96121069794254,-11.1077261446939,10.2165810840084,-6.43008747830321,-1.47620851404524,-8.15981468448562,-5.29616919516922,-5.40837773269785,17.3216439732978,-13.4394437197884,14.6359290464292,7.55792994802669,6.0684347776007,-6.12707984987807,-11.5538044148787,-8.1860913740401,2.92368813673457,-4.65350629701925,8.00197721746576,-14.5027482226006,-7.40556249699684,-4.6138877016766,10.2305182341143,-10.3287752170861,-2.32869114092769,-11.5136231115919,-10.3977745178407,-8.85360088858273,-11.6608863364214,-6.22658496377708,-4.63861783262043,-10.4699083755289,-10.4142072999845,-8.95989154189124,1.5414725544709,14.4077924403289,6.15725947454783,-14.4479674643613,-5.49212954356415,4.72579003122181,13.1811285365134,14.9402385131362,15.2743989227443,14.2511150256363,19.7579015545412,22.5981103430563,9.45613689692698,-8.09599676056942,17.5317086302422,22.4336737557976,-1.54159098360983,3.42540299829009,12.206463212092,14.6326243220417,12.6584351675104,16.5598344249061,-9.39305902003428,-6.08515258090729,-15.8200726472831,13.3814191481672,2.47116449324469,-4.13824081231801,1.20130506833676,-6.65712746214646,-3.1869523399815,-5.97267096667865,-20.0047092795778,6.1903034973581,-6.74573747356254,-9.84799543363687,-5.26026347286315,-8.72536728295198,-16.7700054295042,-9.19766298226996,21.0381858477768,23.6220737139736,-1.21470315252691,-0.778236409753686,-1.76980945861986,3.91074155774662,-4.43672554389429,0.0725102246865507,-4.96706096051352,-1.76695709005091,8.7963887583397,18.4890493505076,-0.486319871118971,3.37424025147559,-2.75246497169335,-11.3513389181364,-9.94098644550315,7.05770437274243,-3.90895644752778,15.3885344618971,-11.8897688883555,18.8133681737507,20.348314883742,17.0419539450086,15.9784209620417,21.0417000609161,-8.36108203712966,-12.8319124466398,-1.13139945156087,11.6915522510421,14.9521217639072,16.0839401810055,9.49522284303498,-13.3085064577932,8.22421888082531,-9.92000158046475,2.30912427625255,11.7927756199491,21.7518074827971,18.3050521807653,14.1208027166225,19.4249788919326,5.68895342231706,-6.18792883953807,12.3886087085212,20.538738942486,23.5885174377892,-13.6648995475818,0.143755567476348,-11.4102885284725,-4.33777502154813,-11.3799972383178,1.48370591549217,-0.243286430824003,3.38773846045724,-6.7569210560427,14.8485968169592,4.93192156790062,-4.68091414708434,9.81363417858335,4.38693392818266,-1.62336902296619,15.9367844813514,12.4285790883349,-3.19835513890581,9.24475916942159,7.02011865439747,-13.9542558426205,-11.2666111909517,-9.85963621402759,2.97590664541985,-7.90810467171588,-7.91044724206724,-12.4868699680963,-12.0201003146909,-10.3998377311442,-7.76323275113428,-8.98730403285917,-7.88109718343126,-16.99213448873,-10.0856686688033,6.00304089148446,3.0350656196157,-11.1754005955341,0.894390449763965,-8.56642010469051,12.9980889346205,-5.04308212828302,6.37007169090931,-14.0358168199652,-2.11901947642976,-5.66122501754447,12.1470963007352,15.567901548308,6.62008399935859,9.05200213296932,15.3217975423777
"ID4",-4.10136830781395,1.73308604229591,2.70238930081333,1.16438634408707,-6.20396502890524,-0.494265701358921,-4.19393390958966,-3.29324948429448,-15.4201826069239,-3.02550912323587,-0.4665179460266,-11.9401374692361,3.16571539365057,-6.88181217907533,5.1771565340249,-6.39364619626731,-0.677275933033161,-10.0335712529603,-3.16955611472456,-3.00752384261588,11.9051220098876,-15.0324331026788,10.8469080772567,3.90427482970282,3.53095156556392,-3.32618154038958,-5.48192921700179,-7.15367890034091,3.84140030576178,-6.68430285722617,5.54964931675501,-15.0010218711256,-4.25967950342849,1.21044093630203,6.08490559473693,-3.24881597495852,0.561766494686618,-7.01549527761401,-11.1246468785802,-6.89858162926354,-0.31507251214219,0.864740947795318,1.87681905466832,-16.8513559385221,-17.6589351507461,-7.7460722220764,1.5051944763738,19.5525681703339,14.3187423804727,-11.3691156439743,0.392869362169646,5.50847203714349,16.1975588802374,10.3084648743124,12.0552887694875,16.8424608066164,15.9798788538944,14.042201927587,6.72281502846648,-4.88341205319618,13.3459211737512,15.3570105766241,-1.14619028768691,4.88764004808284,8.59635381164725,11.3539149434928,6.03814638489347,13.6390912529415,-0.0455827217382571,-0.640156031217726,-12.0159694822669,7.0722105925765,0.518692471424341,-0.0395999056081673,-0.265837428319345,-3.01114410915455,-2.69984677872864,-5.92257399726618,-19.7856093119498,6.0180222402838,-5.20867267855766,-5.5070289557007,-2.62955950580695,-11.3748187244721,-9.68645416935773,-0.902180227509711,13.2323576008104,13.5574733334971,-0.214294818872259,7.5187853634192,0.756183343253789,11.4641143963057,5.95880270752227,0.21491180526787,0.00410644415355876,-1.1019230652455,6.74559043091715,13.2867590274646,-0.869347094020475,-0.587767738719823,4.56769949806984,-17.4040679154013,-3.171122967654,6.69419436777736,-6.04992636198926,16.3482134398223,-3.29062873585593,13.8563924599088,12.8160933557924,14.4970567464585,13.2899630251252,13.192891111269,0.114191108496356,-12.7645826318064,-1.62084581738327,12.33704703867,11.279750415089,14.1498950490499,7.04371377946801,-18.5311754405936,7.98625367723727,-14.6577607020295,12.8319171170466,9.45287841750347,13.4815248510922,13.6093117075962,6.98152731407878,14.0132261880194,6.74902882968821,-1.07556780271586,11.7054525075164,13.5778876003897,16.336298853096,-8.66917841193125,0.584158940469888,-16.2744619273487,-3.24504846595597,-6.08382738814263,5.78884405012466,4.80051072432154,5.08077010876714,-9.36054638580128,14.5556090112359,1.21444185190993,-3.50219672930888,11.7454599311266,-0.298495909177114,2.39395419251105,9.08734239182151,7.67596291019636,-5.79989798701185,7.50067953677306,8.50553097006788,-11.5846023650133,-15.9863894753229,-5.93316303900796,0.92565464891858,-12.4479445513828,-4.34973299350901,-15.4974989415047,-3.50559760213727,-7.8002488653093,-3.87522840087528,-11.3307395481699,-3.34103297754747,-11.4028427928981,-13.6860228592944,4.64145693959583,1.83597652325115,-5.18278060454207,0.307955189382281,0.702130716386763,7.43820573428179,-2.09896543193344,0.623681381442525,-8.24152668124407,-4.8580470660152,0.276450626788345,7.84479284351885,17.4033309265399,6.62934846169604,9.57217016015388,15.0358960328695
"SPOCD1",-10.5635756618496,-9.53413321938704,3.36147869370282,-5.14042602915647,-18.5651176988599,1.47508022644462,-14.1932692440872,-3.33400216457233,-13.162969581457,-6.3126939429732,1.46431610567401,-4.99131066971292,-4.29573967582981,-16.0395038412011,11.2805317452947,-5.10106831585209,-3.46952465801494,-7.59679017310241,-7.71915473613471,-8.5440918055938,23.2056617476315,-14.8047157892446,19.1098033245873,10.6476983176901,8.91910278682725,-7.83692963776597,-14.9336880627132,-8.09605680686651,3.06849623655367,-4.02447788416003,7.58636754939044,-15.6922831087836,-7.67421867312837,-6.37478859712497,10.191784493982,-12.0068782210283,-5.77000743664711,-12.3130865003844,-12.6251766117085,-12.7573132831413,-12.8680252841744,-9.59620146993491,-8.33743227551186,-10.0249944763678,-9.71036715269903,-13.897238564929,4.5901374920343,15.669346363308,8.25770950219488,-12.8484721187476,-4.74196157160938,4.92393006894387,17.6167044894337,15.4868902824392,23.0950236895751,18.6845266024007,24.2455180126964,25.5601043687929,12.1453704146779,-10.1506431489746,16.1495852746777,22.7715957476292,-2.15068092521754,5.09979361036124,18.5629127760335,17.7712228475542,15.3917515557958,16.4258104257369,-12.1218961956096,-5.92447886488235,-14.5071646988832,17.5865865981257,5.044257216211,-5.9683319007641,2.93726363388619,-7.69751854627517,-2.60783365071677,-9.24037102846682,-17.3608494120247,7.12313894419122,-8.4334846791578,-14.33130387845,-9.51671126428832,-12.6996713915343,-19.2671002239157,-10.2047905890724,24.6718739293663,25.5977734713121,-2.56810959208375,-1.70096313181605,-3.33278650182,3.91879302808048,-5.5932477344986,1.57096480046083,-5.1806518988315,0.673501761222065,11.4429994136922,18.6943428144087,-1.00956669564176,4.28228974440712,-4.22087162846242,-11.1875211559017,-12.5813039556397,11.1827438947942,-4.13863583960875,17.9457528786539,-14.733997152839,22.139157551713,24.5675437944117,17.5433719142936,16.7776497146654,20.4175646867936,-11.7547949804564,-12.4601039419321,-0.199113892666162,15.9401755679492,18.7799541903593,21.4546236015716,13.8240283579972,-13.1941748654847,9.96900422903572,-10.1830220328206,3.22178405659753,14.2697902719818,24.506013645813,22.7980376869804,18.4024816259704,22.6588010346322,7.35172017039585,-8.96813467989003,15.7164540025427,26.7430705874019,20.6301117151617,-13.6314597582131,-0.487735313705262,-12.8352022384485,-4.01491683607404,-15.3457531820218,2.84279305386073,2.66005251759891,5.98349193207523,-6.3416089268329,20.7973192503307,7.45195396582461,-7.91384667110976,13.0036845794707,6.85157668787019,-2.27342625746607,18.1851636507903,14.8724638548631,-0.571104627142577,8.80387818660336,9.41859179955657,-18.111192987484,-11.9021643693859,-13.4729156230754,4.05200108924085,-8.49981430798508,-10.6847596864034,-10.6742416003363,-13.5627905643799,-10.3823739886799,-12.5239934245251,-9.03916270366531,-11.0625293549641,-20.5333534483738,-11.0209257536462,12.2143948791609,5.64683711984401,-8.70004825461435,-0.4242217401753,-9.87096268015246,16.0105954221537,-3.21681967697621,7.46072967222074,-15.7560670225875,-1.58938749765708,-3.61657466858084,15.3385052845106,16.6282664259112,11.5798590946114,13.2652233679294,18.8012120112452
"FOXM1",4.20691629898894,-3.18822471349719,-1.37671822615919,1.47343118262914,8.30066694145881,3.00254563196036,4.48898798938847,5.48089971682303,6.32936854976423,1.47104809615635,1.86681068958461,4.30171557728794,-0.371477983039767,13.5516673750209,-2.10756900015177,4.17728597257102,3.45282479726132,5.30314799480931,7.28277640056087,3.68753542711386,-9.77801578980954,6.4424551947842,-11.2680435710537,-3.85582654029679,-0.468119025405548,5.46711383575771,7.78022453412189,0.300013512422759,0.654304267071334,-0.0973509118308682,-3.00178149512502,11.5657831714754,3.45846359557326,-0.400985242437362,-8.16386385433688,2.40737330489123,-1.62685541925467,6.24000041439931,7.05344512777383,11.5591815776787,0.517935934811637,-3.07706605116302,-3.68837051912135,6.04125335940169,11.0327079773333,6.23939557479399,-0.669107175978062,-13.2265813495864,-11.995847578228,12.8047470412273,2.35756726954437,1.37220690157572,-10.3110712880508,-10.8914068402287,-7.53067155760289,-14.4255118950208,-12.7664598596866,-13.0832335707424,-2.89816411791417,8.67345975274664,-10.1068928444892,-12.6268562834181,5.13676650338618,3.81743683366029,-7.48385403643556,-5.98935740883717,-7.88380788143395,-6.70257911096095,-1.65528769668903,-0.161447150514723,7.50106868746644,-6.50708554141983,-1.51866905131397,3.72246986918025,1.39974123696585,3.76581229610844,-5.43226349068976,3.03541121623894,9.42632120433314,-3.52731426715544,4.01657148944649,6.85017707216835,2.33119849935816,5.03852984957797,5.09485137835435,-3.08101930839557,-14.6645162095211,-11.4955388330083,-1.8893369415524,-8.05985008326216,4.33652400369358,-4.51910468545458,-5.73256130450879,0.177031413061212,0.681215054619779,1.17551901300471,-0.874474515685321,-15.0855151796975,4.42868028681049,-2.07289128710318,-1.97113757547523,8.16922244927817,2.78828108779715,-1.95728948906264,4.05724745682973,-9.94681396488905,-0.668336895022024,-19.5294067915186,-13.3737967805696,-8.29976905264134,-6.96918799585917,-8.03531313807318,6.66932576175416,11.9481351463807,4.83660876535231,-10.8062564833671,-7.15820733903161,-14.156247662694,-6.27695997319933,9.11399525571038,-4.64116345986982,4.35245362381692,-12.6892426505834,-7.81949156174551,-16.2351096496038,-12.378701346628,-3.55321720025022,-10.3290287370917,-6.22618770674334,0.509821417203175,-16.6530860487456,-21.4922471175713,-13.4372027290767,1.42075038649151,-1.43444038628382,6.09252407847553,3.30151639438591,6.54816908509833,-4.26133167277243,-3.944373517715,0.183405735310312,4.75034714605818,-6.61865925058108,-1.91619308552436,0.346683001846802,-7.51249885740481,0.294910817223811,-1.4783814077354,-7.33705531832864,-3.61434005622554,5.83449626284897,-4.47207751390763,-5.73844339346669,7.3100432657038,6.96670871239871,3.82388568725937,-5.64821717535617,3.16597184074772,2.62711100108085,9.6688234120278,-2.07256760792406,7.50283305746669,-0.288614984762034,2.52371762432956,7.1769057660858,7.56210807475801,5.69491244782544,-2.42341764762674,1.01799849292017,8.3719140266786,1.63518510537892,-1.856026715609,-4.01520952455755,5.45760155768388,-2.06524719539124,4.06928555242305,2.6646140017666,4.08269884312355,-10.9067067073237,-16.057856688589,-1.21860533013212,-11.642538878794,-12.5725340118122
"ZNF367",2.09062383996502,-0.261154656760195,0.886105157419374,2.24044422204304,8.1938162456356,2.88025574223999,7.24009751661353,5.47276805901275,6.41730868030508,2.14526601955021,-1.14284555848806,2.6057622444688,0.282123921176337,10.5976706226338,-6.79250502977576,3.05479624865912,3.51789740940648,5.52547030921306,7.54948149613507,3.17515495058757,-14.4846051006057,3.51956624366148,-8.23807469945937,-1.948423780483,-4.30637331974156,4.00354027605613,8.22136425595085,-1.12178275639462,1.92999903543989,-0.670726761421815,-2.93523505344726,4.46589458722629,3.43774250168791,-1.66657272851476,-4.49702928476023,3.92316505251039,-0.882495211886377,3.53075203802473,8.08948713497688,12.0471967249754,1.82292356198753,-0.559560348462547,-1.96541004577012,2.75213717812064,5.05542428502183,9.10502869586654,-2.36529093926482,-16.531762735404,-8.51681280693059,11.2327370550894,2.06324863947345,-0.253861700522801,-5.18907594537633,-12.9181007085382,-14.5611128339036,-10.0095663624539,-9.68940714842335,-14.2415595078806,-2.32622648413455,7.07457689016663,-6.75161866455427,-14.9043468088866,3.58501905301554,0.00602231681698364,-7.24068144152375,-4.66771402777414,-10.5921482255227,-10.2361752630081,-0.770718358238442,-1.27784082808666,4.40229175827509,-7.66132060574225,-3.85933674245419,4.6977350317458,0.103245915091557,5.22883888866905,-5.18475151233879,1.48392279503974,5.58412186602581,-8.07043634398297,1.05967067929769,11.8095660984856,0.954046812159584,4.69725524233886,3.73353937105446,-2.13050485932938,-13.3393204489043,-14.7026150303302,-2.60551002351673,-7.26125173553233,4.78202790707607,-4.06716411206712,-5.15381424062018,-0.252162390713189,0.369723568347614,0.919610964278383,-1.25508917984889,-14.2364207311768,3.28849354020475,-0.725337345628209,0.827350256473089,2.55568737723329,5.18262343349171,-5.48734357899107,2.39123161210143,-8.37862195848838,1.84301762155316,-16.3987550492858,-7.18385802268941,-14.184485656444,-7.3890565907325,-10.1959820179261,9.19998552851745,7.39886018008023,3.64186328876506,-18.3054111832052,-6.85055482809532,-8.28576567108868,-6.39419701056876,4.37272546925311,-8.06487978678001,3.44940530755196,-6.83129580349599,-8.05562799687393,-12.8647919836994,-12.5211165425571,-6.39530600384415,-12.466453192871,-3.09865624368806,1.66583133172324,-17.8646262502889,-17.7187350750813,-12.6365835760807,0.783383086981061,-3.35390316903473,4.91067406014882,2.70874015890801,8.55897325137351,-2.58964284524903,-2.73685366227317,-2.39204774522702,3.90612873807434,-11.0693496024298,-1.10336045940146,1.52930722380582,-1.964987600322,-0.723480108500288,-1.31182106147165,-7.64220393706406,-4.00898107640553,3.82251614401144,-1.85383451941882,-8.35121596165,5.53570623989504,3.56231110966684,2.65929287514955,-3.3317520611851,1.62956171870366,2.21711832587951,6.1949465253785,-0.344477799009872,7.83442380415901,1.49543210810392,0.298704020039446,4.82365453664021,8.81901240108558,5.02710841629935,-4.62372142991818,-1.25675314579561,6.7896645723318,1.93521565526526,-0.804709885468838,-5.73241659845575,3.08213684989214,-4.48729563958181,3.72138994952541,2.08543682578884,7.21009887568971,-12.6171363320557,-9.67974158431026,-2.56153043827803,-6.82331300404364,-10.8094393075262
"HOXC6",2.65767568965249,-0.833535297795749,2.79503538771575,4.02166969719707,6.34823538554856,1.60287272512349,9.37101780883108,6.45329370127058,8.73351918519537,1.5881002044915,3.70408189964352,9.60504755189085,4.18504480407965,8.7644888346436,-3.20986382890178,1.48681973429681,3.30648785321569,4.32564031108183,5.33202614205808,1.00469449378254,-13.0281479153506,9.17953060462513,-13.4017415178863,-5.6992717228208,-1.6498837878309,7.22237497064279,8.60912563288226,2.43342237388412,-0.590459172760588,4.3709032927928,-0.287979615367294,10.0973402628983,4.69437430984783,2.1613499168971,-6.51241204219281,5.92114775891231,0.187787624095785,9.26927492698522,8.30835035963242,9.37626045524939,5.0789268198204,-0.833708836377042,-1.68577308607983,7.85178715801533,12.9441114056625,5.19331730676686,-1.08080001022383,-16.4198811595738,-8.9953890681989,8.42830893197243,2.13564609900546,-1.81138365157887,-13.4779017277105,-8.95407862871785,-9.83837622933875,-16.8956658543077,-17.0750050518885,-14.8244576247015,-4.83024440334673,9.17534469539601,-12.0822572688681,-17.5580633786865,1.85734738860734,0.713647355595916,-11.3868691809087,-6.59248214987188,-6.18114835534437,-9.26825167742702,0.499908812243808,1.23955186608978,7.85598778705958,-6.38457371897425,-0.480274694711466,2.93626061861977,-0.0465330047341116,8.48120756003481,-0.0316832438703582,1.96676799333724,9.97677305220154,-3.79800843681557,2.7147058350179,8.73279487366608,1.01292706002651,8.38635048962134,10.3727728438921,-0.634922723964015,-17.3900728155018,-12.0056706547574,2.36171431265594,-6.25529127997154,2.03116283143862,-6.24756316389472,-4.21721840510873,3.25158928953071,1.86866846271336,3.10484815655005,-5.30643982593729,-14.2193075409528,4.43704580819671,-0.578041351123435,-1.83726162624725,13.7839182314243,7.04019216217008,-5.10576167216973,0.792903091222522,-13.3736825603958,2.38420869438582,-15.9870772164522,-17.5558074985989,-13.3282420689103,-10.7693449293584,-12.1521690335523,6.23424619167075,14.8361100417523,4.02046741794015,-12.0924816737829,-9.73711190157625,-15.5562070564468,-5.72148446270391,10.2594271046981,-5.40597951404916,9.18917033916979,-9.35103100759292,-8.99985004392851,-13.131941614483,-12.7811543849545,-7.95532188434191,-11.3986199775922,-6.22518621041765,3.32891597743482,-14.3598766481535,-12.7343443909013,-14.6540545820503,7.7850385228162,-1.63741964890542,9.30482799051773,3.12729841644555,11.7335163268476,-5.01977847494906,-2.33983430910864,-3.45135141637339,8.43486672962025,-10.2715263712133,-0.886693330653799,5.83710530692812,-6.23501936748182,2.51366075112917,2.83294600317779,-7.10878109116114,-7.17710380717679,5.53604254498657,-4.75341678024412,-5.72497628387118,8.58344988914443,10.0009079857473,5.85090762056938,-2.57423358327163,5.21127463846309,5.8509792440059,11.9657908753145,3.04081461864565,5.28893679332085,0.378302937197905,7.97081080763863,9.89492544030837,7.71387679285703,10.8614528822255,-4.23079920980704,0.631656024150383,6.13861053273614,4.55354371527911,2.47012877089925,-8.57073816083673,4.82908375623333,-1.79903123315108,12.6150813375455,4.60279588571738,4.03144814211227,-5.65421452806997,-14.6104033807731,-6.5016890884011,-10.2210796726438,-16.7975761712734
"TRIP13",4.23362802344766,-0.524538515771197,0.37016678705309,1.31285199735353,8.81517468252495,1.33012075952403,12.5347561388793,7.04745842007584,16.6424201158307,0.997777256674321,2.74136201761135,12.8000883754813,0.412007477459402,11.1022928099714,-8.5425489732103,5.48173286509147,2.3331714688545,11.0547956688528,8.46863261768637,3.99945626807094,-17.8082813232613,16.7217195427845,-19.7138620915035,-5.3481156038542,-4.68035808656337,6.95455503126885,10.5789088863945,4.69698860487561,-2.30523652269183,5.39090028117724,-5.99216595846372,18.7546267845209,4.5579247555342,0.660054930001828,-10.6454639892708,7.07079317396785,-2.39785667748361,9.80345830518572,13.7124655815334,13.1484307624731,3.03212367895379,-1.47284421407589,-1.64490445032885,16.0503305572791,16.8926893037989,9.87100087629486,-1.73768449917095,-23.1192544462002,-16.5336125169959,17.6133267225974,2.50104534506778,-3.17416898697291,-19.9440482273244,-16.652776438131,-14.603558579685,-21.8693952132327,-23.3535183037215,-22.6957540833594,-6.10564619290605,12.8107252945808,-17.5666973170234,-21.3408070139808,0.921845364410422,-2.73337634288997,-12.530360248725,-10.138247370634,-9.89661260236537,-16.6435984538107,1.26204484617017,1.15967958744714,12.5682075987641,-10.3552417191079,0.089447194441378,3.74934038481215,0.578173980087355,9.9274197389108,-1.64925311676073,3.425041453979,21.6345047233731,-7.99357479308226,6.07648334703489,9.67849088804701,2.7738150771168,12.1722506829299,13.3012515014844,0.315644734689152,-21.5915361577203,-21.6844231810757,-0.672522571798474,-9.96636617254374,1.72970525876037,-11.2248295577276,-5.91325737739193,1.17816134449419,1.38009445189921,2.91716985454187,-6.56281194730028,-22.1787321639375,3.23437316339483,-1.70079286518882,-2.61040973480765,17.2410559287584,9.47697809181508,-6.82230055526901,5.22739111508635,-18.4034245270087,3.23212244285028,-22.5678876666085,-23.2576194737575,-18.3376407491255,-15.9341255178604,-17.6656212897473,7.3841364754291,17.3479872444867,3.82793212595846,-16.9605308962622,-15.5555829093763,-24.9934853856595,-7.04522217712435,19.3252001840362,-10.1103128645498,15.7971132391358,-15.8909060529871,-14.7467191515559,-21.8907384213609,-19.7019533901233,-12.8172972408002,-19.1739363147086,-11.6948328427589,3.93023673337962,-18.7704425815233,-21.2929248680388,-19.7850750353238,8.11649319663144,-3.57971622025854,18.2332114471235,4.11783082278138,13.988740157071,-7.35538156864707,-6.55619656486363,-5.61864963465009,10.4694591365338,-16.9510187639024,-2.77143149649364,5.09252606684225,-9.4138145318797,0.205392599739787,-3.22695862741561,-13.8353152973708,-9.79355418242216,8.05421878155462,-8.07480459587654,-9.26497889778313,13.625942458965,18.0290903349379,7.97424732588781,-3.84647466741484,12.1135076056929,5.25962280619155,20.2857941159263,3.80928454971183,10.6656662055092,2.6904443127815,10.5395537996763,9.68133590103349,14.8443258153097,16.6415832906516,-5.84723117515956,-0.0261948415194549,10.0582530090148,0.872457080833841,1.1563769529733,-11.3912383972843,3.98890406415124,-2.08600732321381,11.6075751259257,4.41955895982459,4.0332823142519,-11.8268887276814,-21.1016182374862,-7.93926370479551,-12.3676852976771,-20.2222115876096
"VGLL1",3.39188890989637,-13.3374519631069,4.22164646465441,12.6038727209848,-3.19579439821261,13.3946467692874,-11.6447547711795,7.01009850053949,-11.5663274100782,-6.22079999875743,-1.03217962783488,-11.6128695061329,4.65753482275441,-0.140378551442372,6.89326484810551,-7.09188423095382,13.0532535955718,-4.73492385313883,3.85059598127602,3.10716707992958,18.8295905095321,-16.4651368949598,11.4405203171868,2.44889126295893,14.4532776644805,2.24421233593622,2.44817553453164,-13.270456509949,20.9784986948993,-10.0552117328131,15.4252937719978,-16.9249713290962,5.38765474004793,-7.11713076508444,5.18953738206779,-3.83782919918032,6.20887424116645,-11.6156930823526,-7.25062447045459,2.03784690010096,-5.70842822600166,-13.9592874030406,-10.7113306716585,-19.6434865006803,-13.5506441146998,0.64563959371583,1.43771897031712,14.9648621273057,6.29401959508651,-12.2524652944823,-3.02923834775516,7.2684459983799,10.5039245035586,6.99422264865845,18.3417006853981,13.9738257949294,14.9545683435585,12.794198712289,4.54467012776165,-7.23923513299047,4.43267735295787,13.1979520691412,12.3302791468125,17.3105129892179,14.008501717041,12.1298011077275,10.8428241196984,23.457039688531,-16.5328318720065,-8.09934857173433,-14.5358406663699,7.26286751648949,4.00898362630139,11.5588862931415,10.4499509997462,3.06389948080941,-9.8100598186184,-2.66829097594572,-23.0196823182989,5.47505676639453,-2.72353305812561,-5.87054962294722,-3.88721285112628,-10.1308563643666,-21.3649544242236,-14.5021569238649,12.3156096939666,10.2403716289997,4.59053229560954,-7.9575139395734,16.9908635757531,4.62070157163628,-2.90965599338974,5.38350231525169,-2.67620335149677,2.5561231702211,13.1515356400713,7.3980989765277,6.94187222263139,15.737495080993,6.47557278570575,-14.2025524774553,-2.81709847768311,11.1551314484134,1.40541392544267,8.5889742461454,-10.4932859006184,11.5436691487993,16.4551711422528,3.10984971765076,18.3462274427044,10.8728696837586,4.55497735705314,-15.7892447377327,11.1763923057038,7.73427526058654,11.2270774627722,12.8292878657943,8.94915881447836,-19.2724842557203,11.5218254049838,-11.7914838319445,1.01192484962972,6.6554199200191,9.82143821132386,12.8715973087791,14.9152318888673,10.2053592106531,8.50921350696511,-6.13306747437034,5.39120991382756,10.3025416434453,6.45415701231309,-20.4446479338436,3.64760913764261,-14.4703439544151,1.73890376292286,-10.5883056357538,0.357061452254266,-1.2694647748168,6.93653770140054,-11.3579482361259,9.5316601041706,2.93189377207711,-4.97854339701376,8.76596331493801,0.825605342044287,7.2281549747921,7.01981741149436,17.2921376945678,0.101495893634289,2.82162911511563,3.05738077528804,-6.54035909544245,-16.9774931511269,-4.55740308246186,15.2409798980841,-12.252454733874,4.60875108343273,-16.4921747275285,-19.8969102051024,-1.08371706615654,-5.69746960915574,-10.9430125318704,1.8805995360503,-15.2127339942822,-16.0774090616764,9.41013357745386,5.49051352251291,-1.29847806886805,12.1503312864191,-8.79222696413019,8.27650756006993,5.04664398499428,-2.97453250295483,-15.2169258052712,-4.39871636889031,7.07501067168928,3.24563817612636,21.1394299191838,9.34270860782594,9.44544839243167,16.2848223582131
"TNFAIP3",7.61626923943062,5.36537408643185,-5.69518694727073,-3.0560699031444,13.4442870988738,-0.699614775333296,4.37873354441724,-2.67117439645605,16.8700130629687,9.98780103719051,-1.10526013208939,9.79314534460587,-1.08124774374582,8.96770596751386,-11.2502818193669,8.70073404934248,-3.65024750901717,9.47999137743962,2.56403968651953,2.5576096238568,-16.8788607033961,20.5129309835747,-11.2302228285766,-9.97327792368845,-9.81185320883396,4.19470759425577,6.07170183953238,16.9985814030194,-8.64389196955796,11.2100353232643,-13.2575744644889,19.8511228758392,7.75597906582469,3.24394909901354,-10.0387879522724,9.02802140870362,6.7804455124403,10.127863730614,9.71135418875921,3.78136568374993,10.1414254748244,7.38973314641833,5.29683253711252,16.3698003300178,14.0374879901331,9.58819195863428,-1.80532627543793,-14.1791227601457,-4.755925755221,13.4832883748563,5.86921420525507,-9.08120895804874,-15.0062045002528,-14.604084226699,-17.6584733420616,-12.2738498367576,-20.8268384975295,-21.1557102628025,-12.6849309847697,5.52217286693885,-16.3598915918459,-18.7858850510699,-0.797953875907415,-7.72261674047053,-12.0378121348752,-18.734313821126,-12.8286927420515,-19.6401029463529,11.9665551982062,7.2999440431035,20.6903344030263,-11.2648505542329,-0.813649254856167,0.582132001509294,-4.0544775944533,1.29554635132732,12.9890708599535,7.86326780688594,23.6723184976951,-7.85205914513233,6.35562302474818,4.26275399879965,7.93159246674174,7.5778974476487,17.1994141814138,14.0349787884387,-19.4541426722648,-20.2251332922757,0.617549779264737,4.89269354292453,-3.23084948595484,-6.64611557556201,5.30474745322197,-2.2082593505152,7.95342528769251,0.295449638718305,-11.5660352763197,-14.3909265176648,-2.09908446954356,-6.88765868800569,0.1103987153682,17.8163580027764,5.20665093045189,-11.4557707469216,5.03291504110615,-20.8998730548064,15.4620760669349,-15.1914916503665,-17.5816977296931,-13.0246892089334,-15.296839892963,-21.0330307723247,4.61562729876006,15.704014037696,-2.99444010490304,-11.2675778589703,-15.080599281286,-13.7376876489805,-11.1511776264056,17.6926839679696,-8.37043519660206,14.6104945866492,0.0852254199332611,-10.0073560438433,-17.8148004930299,-15.598048200381,-13.0016828125911,-15.2912975388669,-7.3081265975585,1.50894688401633,-10.7520997846864,-16.6016015140443,-18.7281067515572,18.8361920183343,2.25704723551858,13.1461174886069,3.52174704884376,6.01350588047236,-0.367442495817085,0.983454735372496,-3.57801571521823,11.9672021832967,-15.1398782114484,-3.96269240110169,6.26640532337334,-12.7329003828956,-4.52776528929942,2.67028147571963,-10.8014957087318,-14.6936645217221,0.897192601702509,-8.52163628662121,-6.5483789754526,14.197364243017,16.4239333830695,9.34962059885039,-4.92265699320218,11.3122746083505,6.73298538453076,11.6121535183809,16.3688148102965,8.81058335563642,11.8129255064064,9.43088457458075,4.19284721359454,19.8673712393486,13.2325950732215,-7.79875590757968,-6.52543276414905,7.30049151856124,-5.71767655837097,13.5866631007388,-11.7288784675965,3.22875935952095,-4.38029823759421,17.3057223251949,3.31582087173795,1.81297365725207,-9.64419060535148,-17.8348358790845,-6.29873398367533,-5.99676430513094,-15.5456065404848
"HCLS1",10.179005019218,5.23177231796885,-3.12306775490961,3.23862744669469,11.7764235828351,3.75718010862585,4.71133383705654,0.232305716205712,11.4272024112022,6.1197746476898,1.87885496242685,6.16799808769188,2.06449593891076,13.1884144619788,-11.3578546714732,7.25067722004678,0.450708217891172,5.87058791949553,3.54261668074115,3.09629103386842,-11.729792685803,10.7305941191366,-9.85622663767234,-9.85260687137858,-2.95270831076831,3.96572796710326,4.45933315873819,10.5800630560543,-3.32839538259471,6.36865047391717,-5.68387829200545,13.1637691118324,6.74788557891289,1.88558440322497,-7.96324741717001,5.79842464569929,9.74454841604059,7.11319956293218,5.83250338006998,2.60552259491133,9.05935870915403,4.95746313211942,4.54101833798695,9.69725966428809,8.38048131362157,7.89276792599507,2.4258235140675,-6.83800516163316,-0.789178278567,9.93672477668905,5.43820139477923,-3.24690778762123,-8.98933278128998,-10.7105186445959,-10.576747546462,-7.71058111925741,-11.3898597737814,-17.5169942196527,-9.97498438708788,3.704978896906,-14.0515308595867,-15.4878400202229,2.30626337667999,-1.75647748303554,-8.76542738394129,-10.983221848798,-13.1441492821637,-7.07657653844108,7.03766930387657,3.81039742072567,10.6274251430929,-10.8889928261936,0.866938890012313,5.10783342107547,1.7932155916702,3.00817682937833,7.33877486006087,3.82304972910959,11.7053108385132,-6.00343403974557,3.3603039955865,3.63793172410625,4.63802301414494,5.23572484349205,11.3506983866431,8.50788409985537,-18.3650861308173,-19.1716205755335,2.81967383767393,1.93715903495328,0.288353740495729,-2.67142711494727,5.87180050822927,0.113542193381126,8.38931735548752,4.07639004875366,-6.52252125588234,-14.1589413455374,1.16730176938018,-0.877283141255868,4.43026146274151,10.7192462264903,7.51681032753622,-4.3506870623697,3.98254147111605,-12.341937731329,11.5779518164612,-13.556358746451,-14.293135089059,-12.793058505053,-7.25143281511197,-19.1088608490691,9.09883445139326,12.11480996494,1.44346564493929,-8.42603058986169,-9.30899249550048,-10.7186923638121,-4.09901861134421,10.8515538195651,-6.19962450686581,9.01842178984801,-0.51495988024496,-9.36140118299753,-12.1829957771197,-11.0915746769912,-9.69664661610417,-12.1970135775649,-4.80292765092492,1.74637957325914,-8.33720414504575,-12.6965809743102,-15.4914320299742,9.69670783872959,5.39747284208559,4.05344697865159,3.09783954551681,4.31584906029976,0.806183286758147,2.47060178317342,-1.12856427851028,8.67277849286952,-8.03367137110168,-2.19222909754192,4.82109511373454,-8.04905872202309,-2.4176352159835,6.07908345926322,-7.66951719085163,-10.2395979286647,2.27062524106085,-6.95066351833028,-4.89539209657382,10.5213683004056,10.6297673350626,4.65635630484966,0.300987237291408,3.49279905525855,6.4155362706337,4.61852074130897,9.93344927998628,7.38337599601594,7.08433530577525,5.75931786254982,5.25897822083878,15.9204668525714,7.49547330260231,-2.92580191281206,-3.04772568893527,13.2075274657676,-2.58659957198922,12.0904095069023,-10.1440005683096,5.47580467720146,-4.69620877674303,10.9025501002993,1.74854418393029,7.14158642388686,-6.95636486465534,-9.28610277221322,-3.00767714176897,-3.62146275532096,-12.507487274393
"PRRX1",3.75366475550239,10.690649076178,-6.3295502529239,-8.31422308355374,7.07753602563628,-6.77010753860206,6.52749108733967,-4.64195068104741,13.1132518884215,7.89953135889693,-3.11535325321113,3.94978378827553,-1.40511454484829,3.12987830285543,-7.44102663637239,7.3497894111184,-13.3652551772583,5.46344324984928,-4.12604645821106,1.43264834488936,-22.9617821832185,12.5321695315805,-10.5571133867898,-5.56607548696204,-12.7452944102484,0.1093591107015,0.722736645835859,13.759301665713,-12.0191334090413,6.01800995260697,-12.0531004067178,13.6619990373538,0.91734418456104,4.44732870377662,-11.7263147895427,6.39550426742588,0.895342752090025,6.62796534574995,5.7326243075172,-0.436757482535914,9.69872200699835,11.0152516684753,7.76258203234768,10.1779692030897,8.7072455501649,3.5677677892644,-3.29209970760084,-18.1344908526358,-4.4624361551551,9.55512754515622,0.904408395980397,-7.0554858045053,-12.4202510861638,-7.99425844773569,-25.9453251094284,-7.1729265714652,-16.5664933241426,-14.0066539053333,-9.8522896565748,2.20074506326064,-9.63801895844386,-22.8505434166141,-3.80515283355748,-13.329903807506,-13.2577235106793,-22.2882339039118,-14.706981575093,-26.1897799495081,16.7849551222892,5.57462343685273,12.9827462533389,-10.6052468493301,-5.24107510016249,-5.04164881621861,-10.2364943203009,-3.22305350931487,7.94200906240865,6.21836356022226,20.1407340503499,-5.56258129982885,2.383047640363,6.13164488166037,5.88567880330943,5.73015135381006,14.0976562242173,18.3311175600323,-9.95902967699073,-14.5734096466767,-0.761518686173171,6.72712353973178,-6.80714027977773,-1.26219881998447,5.51038247503411,-4.12877485264923,3.11673592396772,-6.09426895191115,-15.7938909962426,-15.0844932568039,-5.92105249544819,-11.4229152529204,-1.68441090077892,14.3044536633016,1.80433665680725,-9.99993703141042,2.17376676749799,-14.8703702328194,14.5967498998655,-16.7300429543672,-19.0239764005207,-3.14042192330904,-20.0714443133492,-7.24490227719313,-0.557304760750097,9.52303168660416,-6.71255300579026,-9.0289859771123,-17.0918995639834,-15.0004982877329,-14.699878123642,14.916267216604,-10.5678878413687,9.01097018858704,1.15663781793782,-10.3764537051209,-16.5774374596181,-14.5424615137773,-16.6067037536951,-14.642315016711,-5.66058549987202,3.73584868412031,-4.40056015605414,-19.0411291937204,-17.5833399512218,14.2512919556612,-0.0680728797575748,9.52423950175873,-3.82237787043682,6.63487081978884,1.01178267463834,2.11570889952789,-2.0527894026153,4.65856265506842,-18.0329583548545,-4.06090083360257,3.03172639429365,-15.4629103629445,-9.07706674499855,-0.942265863836558,-10.4461715996838,-13.6352161212243,-1.84675169943493,-10.3208845479908,-1.94422466431566,8.39289148205696,11.0839151920195,3.68140612348529,-13.0022951639134,7.77939968436048,3.28472391631001,9.16820658135049,22.426481913931,4.79414453914853,8.5837614807451,4.86632125106744,-2.6126859678216,17.0625324036845,9.77619007199008,-10.1318571906226,-8.63004246389653,2.08121597059084,-5.60016569891292,10.4621617725963,-6.5610447062123,-4.66920768323506,-4.20932123758252,9.64384604521958,-0.395389485615677,-4.17752337316678,-10.9798249258009,-25.8806156877944,-12.9537437781892,-10.1384725960633,-20.0893213873818
"POU2AF1",2.88272178343367,6.12741952016549,-5.06833337538123,-0.223288482825189,3.11704918151707,-1.83418630692834,2.18477350181837,-4.87657485579864,11.080959327818,12.1073266741561,1.20749351445274,7.69560608184022,-3.57282771490014,3.11706120718692,-7.41494320208943,8.2336520296513,-5.22111497353658,4.29510090373876,1.31913375154529,5.00664875159543,-7.26290596361163,9.8630380255092,-1.88273507821251,-7.2232000009348,-6.31270922666914,-0.945751024017441,-0.522133878312271,13.3237735574038,-6.01385177225769,6.01440335939302,-11.7670682597742,12.2713829094545,2.66908104939903,4.3397415990612,-2.64121054119624,7.44611422508749,5.10229971531264,6.18751555900771,3.64554894264774,0.467334266811859,4.05637050004185,5.8704989611288,2.83913000519069,9.93315170653263,4.80048222052199,1.85158776548697,2.80369333414962,-6.87384075893109,0.987805124093281,13.0681442115673,2.3514649062008,-5.82755246846728,-7.84375467652348,-8.11538357638894,-9.18715492327676,-3.70399502837043,-6.64862795023375,-7.55294877099743,-7.25356969027659,1.37236051394072,-6.61534633234689,-5.33039137702896,-1.68088943542974,-4.10714079865852,-5.08926969635027,-8.52119792009726,-6.16785654922378,-9.02125824872629,10.7793603846554,5.99968317737927,15.0753504284156,-7.719652655171,-1.1504195527391,-0.457402136690058,-1.29898704984518,-0.109018908405383,14.4757043667728,2.79835692674171,17.060316838668,-6.22323575136037,3.87965197956632,-0.0572845362687307,7.03925521829851,4.05174924255585,12.5576590490227,8.78114694937537,-5.82598525656542,-7.75317390339103,2.37531348590976,5.76570499468859,-4.84011458440698,-5.38673010660119,4.59129857108437,-2.73839386932447,8.24630937404259,3.16977493276375,-5.95120269432583,-3.14084751886351,-1.34721412030689,-5.28163886090486,-1.33348698621347,11.2843611451484,5.65951290931528,-6.3652408872633,1.89064774514916,-7.31677145724391,13.3156015478088,-4.17138349804466,-4.09832121354968,-5.0238687063726,-7.68990971086555,-7.93610219294839,3.25047732023647,10.4033103475014,-4.91071725534336,-3.67031682046669,-5.08349767239021,-3.69592654421539,-6.03019305783226,11.5423793760949,-4.58222303083019,8.24023181546587,1.1978224345416,-4.33696805527669,-5.47762436542158,-7.41802199808357,-8.90504874354212,-4.69799899449868,-2.66974980902692,0.259789774481695,-1.05386632019438,-7.12941630175516,-5.44593807383881,14.5688445874842,4.67434720365048,7.55925915028996,1.8883997683752,-0.427661479691615,0.396117179823244,1.80197185795795,-1.08774808211637,10.3792448889891,-4.32686644288967,-0.0786378595507571,3.06095342547352,-8.10298406613941,-3.95745757013401,0.398541679820524,-2.38524640725865,-12.9973618119809,-1.46169171773787,-4.96907108757265,-4.66256197753331,5.38587499416875,14.0138579407851,2.45421045173225,-3.4707120926529,5.93566752344753,-1.26552758604288,5.15554806410531,9.78683258829263,3.7491318232178,3.64506565351967,4.19764665115646,0.732531157093425,19.2286667263641,11.0577720159734,-4.58156857216671,-4.50102875700328,2.92440772600118,-5.83682443822916,14.3459786879306,-5.7559937785565,0.0479382370051255,-0.884125149935477,12.9734113185608,3.57041265099659,-0.0132644199151391,-3.85969931233362,-10.0497188610538,0.457025134433045,0.744831354465101,-7.2042195225133
"FOXD1",3.10065442451715,3.24066994272356,-2.33375658913205,-7.55764609971165,2.5559367966436,-4.3242370501505,5.13431768316415,-5.9445144343939,11.3868543731472,3.66865820680318,-3.53010305033692,5.56672814993381,-7.44309763595756,2.8116382679322,-3.0704116545513,6.44782271073811,-6.43637294884159,4.40622832144215,-1.71356675573683,-0.727485990189156,-10.160179030357,13.9274600451693,-8.28504362816897,-6.74834059217866,-7.72418888826814,0.354269589831817,0.332915284904829,8.34342219135037,-9.17654205122132,5.11516688112597,-6.9181826134469,13.3161364417916,1.16395491515069,-1.03500555571881,-6.50245957035212,1.53311946005869,0.676868887009536,3.41513120140025,5.38923618441132,2.05105026690284,-0.985287216550524,2.72172358897977,2.75559303185985,12.4339871703505,10.9672790260609,4.36653178621806,-1.22095739829753,-12.0825607440256,-11.0003528236982,9.34971222723784,-0.97309381833623,-8.21637027444389,-10.9011196151148,-7.13929370456122,-12.2175429083595,-9.81198324586982,-12.556348441208,-8.63133905122552,-5.73006809882126,2.38008569433885,-8.63441257319997,-12.7113138568901,-0.945997850519741,-9.97399675075217,-5.02904437368349,-10.6513692271344,-5.99078088679634,-12.485472931873,2.97465903677507,-0.281980028093243,7.60263315191662,-5.61367556876912,-0.977556691394201,-4.05653096961094,-6.003325842343,-3.20045422570724,3.89803821140169,3.49423168388033,14.5000587131335,-5.82306194898376,0.643969631009043,2.60108149014296,2.11501189272102,4.70326607698281,5.90738273044605,4.21917265181058,-11.0150756370269,-10.633955850705,-3.1510700825166,-3.55484139780962,-4.38498569185039,-13.0270118900014,-3.55596762647768,-4.8768644603913,-1.87046104614986,-5.25606489383013,-8.85356157257367,-10.9163481285847,-4.74043565011975,-7.42789799602077,-3.83150369066965,14.0753258584072,-2.12756060351417,-6.60318212562722,2.73279592477957,-15.8189924594632,3.75636574018779,-11.9232208178913,-11.9119594417659,-6.05059390943876,-10.9791694833307,-12.1423107880162,-1.81341957676835,9.636754718378,-3.29652955863543,-10.9437721042847,-8.43338427153917,-11.9941586508179,-6.47915048392734,14.1007752844837,-10.9535006808827,9.68425696413825,-7.34343764227936,-12.4318618194809,-9.55849233992823,-10.1459488327675,-12.9765917021661,-7.82249913823077,-8.45189843468017,3.68394840101196,-8.22126471611563,-12.6773480578892,-11.8630721317146,5.43924810004411,-2.29293162402468,9.58652142558646,-3.65398877277318,4.68428042043052,-6.77846048188247,-2.67223181430855,-6.37973975804252,5.43354228229773,-14.0314262510012,-2.68912636735227,1.7739132538714,-10.296745822037,-1.36347571656293,-1.9287518108726,-6.45942492977197,-10.4858740477792,2.11294956254177,-10.8812291847217,-4.98590589158789,4.75125133668378,12.0447546823275,-0.49937838851093,-9.41912078520146,11.0580195511309,-0.0928379130449802,10.1892420303922,6.83124451072863,4.33401065626428,4.81385603671435,3.98784717992577,-2.5624016096223,8.81358982054511,8.02984941350369,-4.28126173579776,-4.66467909201053,-0.0193236705724145,-4.81118195673681,2.67216336271492,-3.17281547416004,0.395573304328633,-3.16637482515365,3.82102027810824,2.45180689699668,-3.12932044709976,-8.57528053012416,-13.3364576773355,-5.64834447247088,-4.71605482192938,-12.8524551999661
"FOSL1",3.4043756485199,1.81769629634951,-2.30137215101671,-6.41613478075954,3.55299294203291,-3.84323181777562,4.11975677797581,-2.91664192647744,15.0295682061903,4.36957539038907,-2.50166659166017,6.70426938363334,-5.82934603150932,2.5447756507056,-3.99923950078491,7.95489074572363,-8.88358130070474,6.32162250232321,-1.87445668530727,0.211169233594849,-11.5165787433806,13.3285264193124,-8.9685532880751,-5.83590588950341,-8.32403753808848,0.103148630027711,0.513706099882069,10.9421120821231,-12.1528151368724,4.94245319905516,-6.74776845059167,13.6042765697077,0.106347131841697,-1.16254980917083,-8.17354095908474,2.5922749633628,0.30966037005288,4.63331223849288,6.70857643760046,1.87174181082831,-0.000527199021545083,2.4038549173059,2.3146862074333,18.1934648604299,13.8546601001415,4.18929959008134,-0.678046360031524,-13.9671492724032,-11.8185556879459,15.1931868981355,-0.186109599009622,-7.6479796147179,-10.9449623954822,-8.07371868077066,-14.0928080839676,-11.1452036510483,-11.2137510297224,-9.09583794386687,-5.50497451808,1.98285275749057,-9.62822365229888,-10.1286290594361,-1.03811943375455,-10.1554924351146,-5.09855061053217,-12.6583000496014,-7.44062603656748,-13.1961810904184,3.27488733158037,0.12129336949512,9.76646261783974,-5.38653689418355,-0.189975071471309,-4.47558596395163,-5.9362902495789,-3.25665404587345,5.54815166160182,3.87661596241195,20.9800673354927,-6.87284845435336,1.55803133172894,0.769439061413296,3.27898094536964,5.10928076449155,8.3996609734847,5.75799643643162,-11.0565344997397,-10.3782419295929,-2.93380244553076,-3.82802364828803,-6.04979144803485,-12.316479043863,-5.82849187428389,-7.92930984182428,0.426800412748129,-4.69763880181958,-10.432287664425,-11.1503172518106,-3.75393359021453,-6.54100900444779,-6.24003310822087,16.7337954837523,-0.710577591419961,-6.56849034405,4.94955584259217,-12.9270137634621,5.83661501384818,-12.8590252880064,-12.4469296803122,-5.42004622497125,-14.0526732543856,-10.0852278632602,-3.29380094921475,9.88017101716803,-4.75414465325363,-8.56935619205794,-9.65869934228113,-11.9961274865774,-9.79062169751372,20.8243018309067,-12.2598138486825,13.4954478217516,-8.19560678207156,-11.1720874406063,-9.67851891733685,-11.3497747006139,-9.01427309216066,-10.610850266914,-8.7611333426526,1.01332772705105,-7.38687712894763,-9.27737400721176,-10.6121220019133,8.02889784167375,-1.73808137310024,13.7081629674081,-1.89721359294929,4.97839085880057,-3.47018170899312,-1.45931188183718,-2.70252699933015,7.04553241340746,-11.1273804528923,-2.10826401504739,1.38374359781188,-13.6660508422894,-2.01562823790103,-1.84344665751062,-7.3407854256645,-8.2160511573837,3.09465366716138,-9.52836038060232,-2.16070274633248,6.26621960260146,18.1467150541167,0.33994424130377,-8.40710357504087,12.7607611747931,1.00470216288359,11.6938788651205,8.30974549300668,7.31202026503254,4.29588662454156,5.9630145541655,-2.45389433671643,10.5150651086883,13.1434992948188,-5.25738681562979,-4.3124031279026,1.60770070565882,-5.61200851353761,3.09587303672238,-4.20622280527156,1.56535669802387,-2.83543131993314,4.47068476327404,1.99132804156131,-3.9937653208401,-11.0681924357727,-20.4270536787904,-7.11971967901782,-4.32822242298682,-13.5384830675073
"IRX3",-5.64873694998549,0.856753810540221,0.136775909389997,-10.1945934339148,-3.69121672251137,-3.71362634677012,1.27389666109383,-5.22204917046386,3.94662016063115,2.31279902733354,0.295949661352934,12.9594044162115,-8.33070913488323,-1.94916113368238,-1.37799876799134,2.65891763132487,-9.10868063856065,1.71709325900659,-1.51971964369004,-5.42626781791596,-6.09479561233145,7.63422381059581,-1.16443121216305,1.25259229538348,-6.82005360812098,-2.70963260702852,-3.369897420742,3.93899782487623,-9.23563905166716,8.02900086021724,-7.66183105937225,6.18557540430942,-5.31321848818467,-1.00917467149023,1.56224385255295,-3.56542515937943,-4.84199014634199,4.65006174128156,3.67170701352969,-3.02546617726974,-3.22944925812843,2.83056848644972,3.49082465067358,12.3207726968214,8.22870891803558,-5.37908360661922,1.70869829521428,-7.44665984027468,-4.93695683202858,5.39888806115096,-0.37876174674744,-6.29035210257641,-5.53023147407012,-0.138460553847951,-5.61390952084917,-3.24524035141272,-2.42206895220677,-1.93323796518106,0.686428767917074,3.20977456442987,1.45433149734505,-2.70180486974964,-6.09721416913308,-4.78010318838358,-2.81873020306996,-2.86640150011308,-0.975025573327794,-7.22045655510163,1.51400455696432,-0.0155319172238739,4.70486647706809,4.13713204414909,4.16844835420313,-8.94584748904934,-3.56161702334163,-5.31572476117537,7.83727609865139,1.28215745270964,8.33141253026839,-1.1944775380885,-1.90410329662835,-0.472235190982148,-1.3874140736961,2.76712699812322,5.13284452491303,1.20219675988699,-0.197541992543251,0.448041512865473,-4.37422667703335,0.563783423433644,-8.08392038640746,-11.0937208744377,-5.03842055729675,-1.71964727119059,0.922971239605977,0.00392290237049909,-3.00598990182526,0.375280076898601,-2.76053398263954,-5.16273264836316,-9.5745820903589,7.96446302604751,-3.86344935066974,-7.31705049064461,-4.06378579412315,-0.5608592679877,-2.35811634337156,-1.16947331762862,-1.0612656540014,-0.159367565629219,-7.63883468908727,-1.37672597505014,-4.15470356159635,8.46963887260339,-7.20891942018098,-2.79905252992059,-3.35400008506811,-2.65567642866501,0.259991928638397,9.55452130958246,-4.08933036466717,7.16087102783268,-4.21611282937819,1.94560783614269,0.17129907759931,-2.84553991216776,-5.17252940892073,1.55317959605377,-2.24523167437927,-0.0636105723249116,-0.486339939774152,-0.925215950622506,0.0849277882266922,6.87115730142367,-5.36082005973263,6.79408639511646,-1.16881152176317,0.823972618225061,-1.88227168925385,-0.201621974412359,-3.08350397846523,10.0650414209761,-0.81891716981497,5.17172616853177,-0.567921146769888,-1.04052245887895,7.05995702645529,-5.64482417847514,2.87834997606985,-8.41409886943469,1.90932858685089,1.59958046595479,-0.270543047880076,-2.26748493578107,7.94365819723234,0.00135730813789876,-4.55763805323553,6.85816947210885,-3.66277168093978,11.6857009992696,5.86595168908116,-2.22080414393441,-0.586839484096365,7.01305623583617,-3.45196248884814,1.13342026252647,12.3895555651947,-1.43568642367372,-0.954463445498601,-1.90626397233882,-8.7509195126732,-0.072205531336252,-3.78816441219597,0.161669028582519,5.42051418396523,4.02918242952062,6.35452867244984,-4.78287525190375,3.67745211573802,-8.38846313843905,-1.2410206120371,0.15586468814719,-3.88380930590991
"ZDHHC2",-1.02905012228216,3.27777907543024,-0.126840636793609,1.19978785166937,-0.687923914222418,-2.59380712897909,-2.96433250767294,-1.93492482211066,-11.9885523068956,-0.344678324735301,-0.930287829073382,-6.27146699377482,1.05782199038267,-3.66708179093426,-0.940702954221763,-5.66518714383275,0.226744374300262,-3.42271569215032,-1.56497389517653,-0.0930199603233198,3.61291889885819,-11.2192846542627,8.04870495238792,0.5150042870436,-0.782201418716857,-1.00491541392212,-2.02299218048556,-3.00395007581928,2.15391276662283,-2.73979950123874,-0.056468019231371,-7.85735176400308,-2.13402373842212,0.871887484082515,4.8505956913196,0.355425995509803,1.81493268495138,-8.33576176794409,-6.12137013711753,-1.67783460903103,0.440574202441428,2.76133311354429,4.5517317319797,-8.02934254235914,-13.2626598770568,-2.99366824579611,0.499761047665334,10.5870573768398,5.63079409194363,-7.24788233018533,-0.524240842227072,-0.0279276391575845,6.50074925036326,4.70105023545076,4.42462499620105,9.93301628468838,7.45152540204137,7.41224311443527,2.01801098114849,-5.38113225069101,5.11276197130228,8.96969385932211,0.701709039517656,1.13595316494289,5.17454050884107,4.69797561118755,2.08447150440815,6.8053357011892,0.704378124079606,-1.13219126961657,-8.23126492770616,3.11566110839084,0.425601426656833,0.390028590367779,-1.1892708143837,0.0420172457357223,1.22587476438304,0.0950122093126694,-7.88249287245775,1.71090931284027,-2.1531619491494,-3.16248089001531,-0.989506678574491,-2.35369588259433,-5.08878368773095,1.63701717354778,8.53151275615374,7.48500607826802,-2.1098246406963,6.03349194992509,1.17419533491185,4.73703033367982,5.56853188659455,-0.570458892011788,1.47700283114066,-1.93069606871782,0.958321052431227,8.58535844667108,-1.63171077603644,2.09122964699833,1.95928213475535,-10.7422974912695,-0.840126008276441,0.181695337957212,-3.99211393459177,7.36318387353545,-0.185501874526708,13.427738240167,9.09301313542732,3.9480355476366,3.90421353369827,6.53230092763018,0.0668717885774497,-8.20255527992818,-0.63304198678822,6.97917322333468,4.16552524235734,9.98942150340367,3.53277715110408,-11.1578425706961,7.81907518619723,-5.78430119539023,9.76588045097657,7.19737734900804,7.15686498081099,5.56946141510158,1.30308606138807,8.69856711635845,4.4366833290414,1.5035061128338,6.97673709604183,5.86515125730879,6.25981612824992,-2.48612760799613,-0.0942721407537195,-5.84885533618033,-1.2893486422059,-5.4877234781938,2.16191939482863,1.22625478746029,0.304047247738882,-6.45081455030039,5.49976605633702,1.63196831122907,-1.99522338570412,3.59146885254768,-0.294274284910711,1.43803943442195,4.94852973937877,1.62484672955241,-4.87940800357539,4.97561250718739,2.73381368373683,-5.48264412180951,-9.82311977432255,-4.08904632884295,3.56471806696918,-7.20883211391396,-1.86903932389683,-7.94849892694899,-0.327787902326543,-2.26340442653657,0.779442235251764,-4.90688649270848,-1.5953961026388,-6.86351071681015,-6.91475405928672,0.0412622993062582,-0.108666152420002,-4.79437353988803,-0.0189950162953787,3.21642246228473,0.574955231868233,-1.00162078931245,-0.227473583476916,-4.62353343209488,-2.86467497663395,2.77454726079742,5.51331484488637,12.9631926772276,5.58874051133496,8.31609892245261,11.0558804128787
"HOXA13",1.11482467572792,4.22237183276368,3.63905954809826,2.89533416610376,0.29226666146815,4.37140681587142,-4.38530252419073,-0.521902721125477,-11.1035081903396,1.44275679975861,-0.128310653831639,-9.28719038225184,4.16169096687362,-0.920778023414309,-0.716434596915094,-3.09119816971711,3.92882627537064,-4.25094998477746,-0.545944814829142,-0.351342392705827,6.03923479131406,-13.8984052125637,7.49514015754672,-1.68484536850433,3.75310046414197,2.04015913614029,-0.978693797000151,-3.97115508390456,4.33300651714189,-4.15170364128539,5.00690206198166,-11.240555548849,3.98245616568268,0.709511150366192,1.90645761796393,-1.9928405258936,4.99341496797288,-5.6701385825995,-8.61235800339416,-2.86587668216662,3.99233491513222,3.88245742418934,5.00450206099685,-15.7145858657345,-16.4666574544301,-1.12478030895305,0.922425981874934,12.3560579834565,11.4087755405232,-8.70260629083723,1.94978354889903,1.13407193705326,7.74121130851196,4.63314146114511,6.55315850037895,9.22922134542623,9.1991561768619,5.98162684302268,-0.189421809627639,-5.44005862411792,2.51866712772685,6.68977219741933,4.72089178359961,4.78046559151032,4.17304846603392,3.24818580380595,2.42710548012215,7.57937497738623,0.790400977603989,-0.338779596670869,-6.40885659606934,0.437247827838625,2.88139464269176,2.85938411092234,3.94352618947504,-1.53268662533802,-0.187125035637433,-2.62485548940979,-13.8388997749389,2.61613453603899,-5.78667661751907,-2.18312943465987,-1.90934977518674,-5.41290868166266,-7.2456414333793,0.458464435990258,6.36687986975285,4.43039680572261,2.11948838005754,7.58975018607492,4.82177978829754,8.09976325597525,10.193174096747,0.63679144626549,2.17785773079216,3.41159655036837,3.4385338009954,6.36961599504951,1.3866945250105,4.62488057722345,10.2528651818981,-14.5625036083747,-2.00729200409357,1.61423260582368,-3.54825199814161,7.78776551490792,0.581768353324484,8.91319249003724,8.52082793371159,2.53609463385981,10.1998276293693,3.30003479982243,2.24687986361187,-9.971411224033,0.8867161638234,9.85752907221914,5.05036400501339,10.9950948024072,6.37995034543047,-17.0885772783334,6.60003087769635,-10.6628174999295,11.5787558501462,4.18995731344891,6.94139890364088,5.8229080432276,3.09762346037061,4.39610907906534,8.63961305173569,1.30368009083262,6.98654943781051,6.43660209546713,5.15871148732013,-4.02713431812144,4.08366540496247,-11.0567498243464,-2.04071547013727,-4.8891254166724,4.25404659905324,4.11850975269087,1.78432070572147,-8.16853550878943,3.90094256671049,-0.578931037632814,-1.47857889047048,3.00239655549937,-1.82333947540764,6.39438931826018,2.41612786489962,3.36343670769002,-4.54663740755631,0.791367607354645,2.46268235523122,-4.92227514224686,-13.9173456808027,-3.74297000430344,5.29826154601706,-10.7432032971608,0.983839451774684,-16.8590741520547,-2.11831366153525,-2.58937638291425,1.0767373243024,-9.28147157020028,-2.06373019809151,-6.07172322297657,-14.832910020023,5.32909657814551,-1.02295088781001,-1.16190045240074,0.969619013086286,4.32017600559682,2.26652399527486,1.68932247802695,-4.99066988710495,-7.10340289403001,-4.23018110564209,7.20338867194403,3.2741196974847,13.6540052216013,6.50108566914408,9.15493871906202,11.4612971872252
"SNAI2",0.272303950998004,2.83727134684425,-3.24321346794586,-8.54035511654094,-0.684876748954482,-2.98472751574913,0.909588475235812,-4.03582412772645,9.87184581058329,7.32014725988186,-0.998220124373178,6.62224362094881,-5.60880450255743,-0.980100678116394,-3.26474073733203,8.48658963691262,-9.26518491742899,8.10224144489498,-6.04456720367475,-4.16021434677334,-3.60974063482681,8.27045816134033,-1.88147452862384,-1.22211632600253,-2.97700634209762,-3.76779022562739,-6.25678929360927,12.224094602488,-7.97270843957764,8.25014719283471,-5.76938309046919,9.3512068708181,-4.43694709845792,0.888759889164103,-1.97046261546784,-0.188817710549679,-3.37852429139172,6.62628202154265,4.43278020498671,-4.04965335795368,-1.74263901030199,3.35562883328857,1.52847539292709,13.7600645002961,9.04750351939829,0.179469581409847,2.02762325375377,-4.14013317158828,-5.37325070975049,9.24726708210041,-0.347048824142546,-2.75239565652508,-3.91149552104882,-1.27940954960258,-3.98189193901842,-2.76982554331091,-3.1646729491522,-2.77650779821163,-1.51143954643074,-1.01358676083592,-2.98999975366778,-3.81916924441016,-4.74656460307414,-8.05458373240875,1.07661437833465,-1.5151701509769,-2.55506447595273,-8.43542343828736,4.0414054626488,1.80722861363755,7.79402225203759,-2.30108198722299,-1.48318831304989,-6.5529632104571,-4.02477657781616,-4.81040157865823,7.24495314439641,0.608535387223646,15.0375027649261,-2.17179146264492,-0.356701519068207,-1.22270298510529,0.56529205783003,4.27237763542368,6.75090235432863,6.13017971800028,-4.09672086695327,-3.96167213574038,-3.46822124080568,1.42055216576986,-11.2508336474156,-5.14376981016399,-2.83722727682659,-2.9522242072315,-2.08190153224566,-0.919332437137093,-4.10248737785209,-2.07078713715056,-6.6079733298191,-7.55436789399772,-7.83270731358632,9.08588856907486,-3.17510543706555,-2.37737125188683,4.59909259043559,-4.90338806004072,3.83283688019456,-3.52153630459241,-4.52185515099357,0.715364667642452,-7.40837818323698,-3.0669058303273,-6.28834968040126,5.80522624819507,-5.11862982669798,-2.07609426287885,-4.34785484396178,-3.35813541910926,-2.71367615289973,12.5419353203441,-6.43077323843685,10.256332647559,-1.17944304835284,-1.45319603597648,-0.569392209814042,-2.25925207956072,-3.91446490919605,-2.29395121157744,-2.74102141071058,-2.18710926865881,-0.0294059486970401,-0.571901739615119,-3.03676693736072,8.48804186745203,-2.08603580271361,9.96516842873052,-2.48989746961255,0.40250266050796,1.00145502531108,0.127417592516143,-0.678555873414429,4.25459045661541,-1.80506723411674,0.318030847121749,3.2637930402042,-2.9638132785048,-1.22357148533013,-3.66361369800259,-1.49281087056739,-4.67681891187057,7.12086194506356,-2.04168742799212,0.991693701079758,1.50094299606478,13.8101056516628,-4.12317895207161,-8.29274340523225,11.3773607475072,-2.68062221484342,8.92464552311491,7.60871132153525,2.6175880540979,0.907501945194767,3.96482833356179,-4.71758312212543,6.92555837162095,9.39039128729767,-1.19102604428324,-3.16730028537295,1.1062339116422,-7.75037039367048,1.7877947884006,-1.54034898416841,-5.38254981203341,0.472305316211068,2.5368919825295,1.40234055574823,-5.98374714798618,-1.28726371611647,-7.22553135683467,-2.12468359460032,-4.47579451871137,-5.628454108243
"FOXA1",-1.89662132223365,-2.2003874188799,4.54752251774906,7.30173508070548,-1.82927493079918,5.36148989139693,-3.90065420736164,4.15231970219986,-13.8438988893995,-3.57903118888992,4.04700998177951,-6.90843154997227,5.25050696689227,-2.39779782404455,4.82564190963548,-4.78638117129419,6.61721796296045,-5.213162025503,2.06628642631493,0.174713713571528,12.8998520456615,-12.7620584756959,9.70456683274895,5.40904309534385,11.09157277415,0.133412475532366,-0.0279395863215072,-8.56988106912554,12.1567417263853,-5.57733222895984,10.1045937491075,-12.1677682279058,0.0336466978142998,0.685051793004643,5.88605650283406,-1.85454539689663,1.24101702128991,-4.96016212830212,-7.43267095455594,-1.59532056773701,0.617587268792079,-3.01516962616778,-1.2321437178392,-16.7065985834,-13.1236610686209,-1.96138670710798,2.53962110348161,16.2807558390348,9.42437980306826,-9.57060379162451,1.54805941752693,6.61583839299423,12.1664783731305,5.61392279696681,17.1357513858328,12.0971819282695,12.9043640565471,9.2551887747633,5.00777318704489,-1.26997356342516,5.8599376304917,10.6984735524781,2.32187949307343,10.5871918463079,5.51148741199193,11.7552006719002,5.38220654841665,15.4297315786864,-3.96790105348631,-0.997679419078127,-9.26177721129745,5.75506296204228,3.46344249834231,5.12287875200853,7.5798040452095,3.20260264251473,-4.33084938474774,-3.14960120996145,-18.8158528946265,5.69316493345855,-1.56275806663236,-0.863574574750351,-3.72390908654136,-4.81363844203914,-9.0995742030133,-5.04694708881364,9.59616135781008,8.05157775167505,3.65550168925983,2.37048898175225,7.50843002661146,6.82766636550876,3.19964253300893,5.70299226768057,0.991340496940612,6.86856251021373,12.4315956595964,11.2827577307511,4.33728912962287,5.77397093402873,5.77778618145503,-15.591315383937,1.66734361874917,9.51207847186667,-2.80864866640209,12.3437298295406,-4.51520431523369,11.7132395843111,13.7714349723428,3.81194553579936,15.5496259428674,7.19121260656691,2.70093035997677,-9.64841797272729,7.06177392225817,9.07475867269906,9.27388362846034,14.3915715592344,6.74101031272799,-20.7992259041545,10.0776756587862,-12.6125801084726,7.04083748882686,7.44322877415271,9.20845951449743,9.32848375264155,10.9697462391356,9.89786290891698,11.3846569814506,-0.775236081658197,9.68479610983344,9.141037096257,12.0061574402463,-7.99540425509354,1.99969763795815,-13.9079383708461,2.37575621576809,-4.33797269275683,4.71591775699682,1.88818264400354,4.23795346710239,-6.35995736081545,13.6957883822128,2.31100327519068,-1.07010610255938,13.6785287774342,2.94570857794273,3.1641724324164,5.97674003577989,8.63048406435055,-1.51187939295923,6.96761010889574,4.01943881910842,-5.27806815243799,-14.5410768530525,-1.2912504151889,7.39249564429022,-12.1264544661703,0.106568599258996,-12.4717980621658,-8.06656214768756,-2.64345406002898,-3.65851472581752,-6.26918722340499,2.02545101674977,-7.95556957596606,-15.1835730078987,7.73073749047249,6.49768604576882,0.474345608310631,5.72805299496162,-2.11156679580559,6.24352977586718,1.24969886511424,1.35009433548851,-4.52236764901426,-2.94132104065866,5.68396062204951,10.4138805231555,17.6243345572185,5.37735914064116,4.22745737023766,12.9998482014891
"TBX3",-3.32372793285588,-3.05536938685102,5.85775314431467,7.51343328624721,-3.04542852082947,5.90820272186129,-5.63481143743175,4.73932509498796,-14.0991871534445,-3.58881545699362,3.4827723832413,-7.99290394926085,6.724307065417,-2.64463828868055,5.48844197370923,-5.90197812160534,5.22340064429469,-4.8474743367478,1.83058369409141,-0.264127071458847,14.4970238411776,-15.2728041426584,11.3659268799291,7.32627460682102,5.960536616687,-0.864435905786288,-0.655259175102588,-10.3746744949414,13.4066068257988,-6.6647461196257,10.2474478937528,-13.0579337946591,-1.74900692199478,0.728920464002969,6.82912976074642,-3.65557648255338,1.42536883405064,-5.50047096628708,-6.29009149226261,-1.99810041216307,-0.744003273543804,-4.38653013558233,-2.1783162290548,-15.8375517514072,-14.4855352852956,-4.41743328570961,0.788537739364751,15.7360370760534,11.892333876165,-10.3462217992761,1.39840860072944,6.87995340624056,15.8671007279488,7.24617885420264,19.6733717611094,14.4679718224262,12.8231507281863,11.5452327636681,7.55624503659178,-2.60423800533333,8.75006168523064,13.9896721092475,3.42080718794957,12.7531162890724,7.78919882792589,13.0265934000006,6.82972335512109,17.1510485401622,-5.24696600499305,-1.55586536228562,-10.0348393914314,8.27065599147094,2.12618881574646,2.10647012121127,6.02796416731659,1.84300861423832,-4.79234860745089,-4.42604729773582,-18.9215457664535,8.05058166510437,-1.71592298556233,-2.93005936451938,-3.9676029361414,-6.8228432841703,-9.85748440729805,-6.42894962506816,11.2483359481507,12.127228007892,3.49420970237031,3.29713970024852,6.69528047698761,8.37985783472392,3.93993995607826,5.79953755901557,0.685713893682401,6.50907947008069,14.6096067486093,10.8369060400505,2.65087688772461,7.16582268727082,6.03747465890005,-18.782006928184,-0.967439023167242,8.49342883012901,-3.37152439214852,14.315174387533,-5.86781071388757,15.270107380522,15.6408531442316,6.91999723828889,16.5410896633418,11.1234076746533,3.3334197652095,-11.5876877281787,4.03543559516363,11.4025336229108,9.72919014977536,16.4390544979415,5.86647647236351,-18.2802852466156,10.5092360108904,-13.4241217969684,7.28467767825244,7.10803712954917,11.3225830884541,11.1459846832008,11.8458708436984,12.0542738056569,8.41252846796269,-2.31663203548204,9.90244163199305,12.9033053263018,12.3976209152732,-8.12123766366727,1.75558817670445,-14.9302801076485,2.25170988383036,-6.26421943770634,5.66818534427563,3.7663677923173,4.94684839401881,-5.90548583415404,13.5602652177081,4.10830316186069,-1.56252649316375,15.4365341282698,4.02372802155765,2.56972711711931,9.10148967059357,10.9663474988943,-1.02050562971609,8.9904599270075,5.82187969736484,-7.64331828694524,-17.4951849255369,-1.59294788892591,9.78751625205386,-13.7907631486732,-0.208656321890793,-12.9674045613524,-8.87173896549896,-4.10253862407938,-5.37939449664207,-7.48694108037293,1.04365631222383,-10.3434846913142,-13.5702501787125,7.72341375261677,7.30244583483648,-0.618611898520107,6.44344455067097,-2.86800134058149,6.2427371045564,2.05314075683855,1.5773540395623,-6.80516106168316,-2.17785377925905,6.43317600831198,9.24014994248433,20.935043716035,7.39775324183665,5.92392776341389,15.8170940026068
"MSX2",-0.720776396681108,-7.37466786501028,5.92718915097554,7.96068205652947,-5.06635232010807,8.17005560116031,-9.14265291044257,4.20519657657745,-13.633958157287,-5.11330219437413,2.79946824572322,-9.86990136407175,6.03188993205874,-4.44553912051669,7.07023094566488,-6.71842087489954,8.33130335823266,-4.67874113428747,-0.035352155548986,-0.778314161703055,20.0083471916752,-16.5042236037106,11.8299036392654,6.85315191884433,14.6240096198185,-0.867228093821314,-2.11803394923047,-9.38995296024947,14.9396775608623,-6.65359134063522,14.2343278617535,-15.6174653396431,-0.576741234396944,-1.2429453491789,8.13381389657363,-3.49828282815604,1.36080653937358,-6.25287968504784,-7.76763664424598,-1.5931958725823,-2.41820201888201,-8.16986666567231,-6.50990374854085,-14.8169737632102,-13.1794054847426,-1.93061704859246,1.17528119287095,17.5049922008065,9.82741349663627,-10.6092071044218,-0.449339374556832,8.63318423598896,16.8659423545288,7.55010929183877,23.924584688654,12.3369474077547,16.9220070289325,13.9574573069772,9.4106194697938,-5.27447848900387,9.19696074679245,14.0900140080179,4.74683693854154,12.8262708833223,10.7035212684911,17.2301773385936,10.6498664555168,21.4778801412716,-9.36594689846299,-2.73483853428641,-11.2025294542489,10.0048973826517,4.1523227315988,6.11243985687778,8.40303302251689,2.40141048694651,-4.88572588518801,-3.58172989421343,-19.6925116431424,9.14729405823193,-0.479153733472699,-6.27014516013792,-4.55902975535991,-8.78358357372502,-14.1866383460088,-7.93589356201363,12.2605199397562,14.4130140710792,3.62049822050037,-1.22745664291814,7.06144681789101,9.49834102013299,-0.0328067685404488,8.35863665074537,-1.07667741997347,6.16657632187119,18.1179857607729,13.695894579427,3.99257128500994,10.1084428043637,4.21643025109876,-15.352438064266,-1.36742442446958,12.6059016668677,-1.62845871722115,13.6039380704381,-7.30329114661085,17.5812748225508,18.6983354149048,7.95716180609448,19.7053392521764,10.3482281736688,-0.0718875546309486,-13.8744346600055,8.00201181650297,14.0496639389494,11.5661395257289,16.8827118858795,9.62295107194654,-16.6348539501295,11.2519177146005,-10.5424352358614,6.54900123394036,6.50309697290461,12.3082258707289,16.6335237355823,16.0045326010847,12.6111500266839,11.7865823061761,-5.30999214699589,7.56756875550411,14.8301698692,14.3593421195151,-13.2864709132672,2.51614517484701,-12.6468155520707,1.39286989280043,-9.35914343723269,3.74162471113408,1.62051520595273,8.2539755822807,-9.33307577712223,17.0268821514209,3.26403621315427,-2.60934872939232,17.406642426365,4.10878356015492,4.49887673474113,10.2840120712521,14.5580334777599,1.62817306542972,9.58589449620003,8.3044644751661,-7.75341991469695,-13.0317377950195,-2.13076097215751,10.8143934464288,-10.3114659085214,1.54042651985995,-16.640305709515,-12.0936781361947,-3.1941940027897,-5.17823279480272,-6.24059022704114,1.77530453132538,-11.5746671637267,-15.6868508292182,8.20357754794542,7.612296802208,-0.865161112757343,8.38385512147136,-6.12357595287304,10.3849820196316,0.0752309479441778,0.895103785020163,-8.16085738170516,-3.7333379096948,3.51390045957968,9.69672135768773,21.7198692277009,6.40483924407776,5.38677635728395,14.5417369092463
"GATA3",-0.481260961655864,-10.0401747952939,5.56206075735694,10.5774168882032,-3.82228920037258,8.23176470579507,-8.97025932157913,5.82090641980392,-11.9393243756031,-5.13094876616832,2.8435279647973,-9.98792123418435,5.21797150824386,-3.29400604891442,6.2700845685696,-6.41374882828956,8.15259606926623,-4.55052558872862,2.81932312947949,2.00723054125378,19.4066585329966,-14.7896983173709,9.93321443671238,5.5083317220552,12.8709673262476,-0.93877083967297,-0.814397736189174,-10.443161360481,17.6433747216501,-7.58852221276136,13.0021165628587,-14.518086546084,1.02046992989739,-2.41850875382057,7.24056844428343,-2.3777272175164,3.73666910168765,-7.05463925743397,-7.20014401926533,-0.878385705624442,-4.19036944306853,-10.7083774389319,-8.52538561244525,-14.4841408654083,-13.5272680992434,-2.44701374381399,1.16422992946308,13.0030008071619,7.65906449842128,-10.3521871254372,-0.186953889318234,8.53719957078616,15.2949918214488,7.24460212719235,22.6153429011617,11.2086092972246,16.857236949324,14.2121753583625,9.61140858563628,-5.52078575381338,9.30903971743022,15.6687126701349,5.43219640050032,14.246715978072,9.95804188562197,16.0426405481085,9.79435599342408,21.6072478126322,-12.2656188847828,-4.05484970477495,-11.5611574998921,9.28772283444683,2.33144386033738,5.32753885970959,7.5755984425275,2.04885990266433,-7.62748865640107,-2.65353098931686,-18.977414712721,9.95260916708126,0.23042981320295,-7.19938779574302,-2.22882098874633,-10.9888228796777,-15.5371197562773,-11.0755885736551,14.5939026609137,14.9347582870128,3.3202231740073,-3.61408467851496,8.59549396213239,6.90070594461202,-1.64837095299295,7.04403456417618,-1.42832291565192,6.88660829294907,16.0910392152387,12.4753586090496,4.35583311277207,10.8190927696289,4.47170435084653,-15.4052059392206,-0.646780401996971,10.9689627732582,-1.5348691795261,13.9670088243066,-8.13567896012434,15.1053771126593,17.0902140780762,5.35963848296549,21.5324834283401,11.7766510631682,2.2378164215038,-15.852182199081,8.09908115481554,11.1408990077082,11.5456247203083,14.7606429473879,7.85541451070104,-16.8295575252161,10.4950673008214,-11.9994121547865,2.67214941036883,6.7907429085213,10.671964626234,17.0960659702433,15.7688028280494,12.7682336616735,11.2914862034427,-6.57583816406918,6.5922697842011,12.8638747085502,13.6959448039551,-15.2532935770869,3.14112731519231,-14.3735393461318,4.10312280459981,-9.72325600987745,3.0292481765063,0.0727738142498192,7.51255995585115,-8.53039798407056,15.874034742893,4.84275643799885,-3.57352495577121,13.5399572242577,3.78696666638439,4.50560116062709,11.0153776667077,14.6699959420336,0.99546827585419,9.08502047446868,6.74404306283221,-6.87726664737735,-14.6164839229981,-1.40597277648903,10.0041743013961,-11.9418810066309,2.01132465699272,-16.364622884605,-15.7860849166935,-4.24657451109017,-6.63872319329973,-7.63681263054489,3.50738243981773,-12.2639972606654,-15.2728641723874,8.37247409169573,8.22473147391556,-0.612760126065872,8.02935643303012,-6.96569784016024,8.18272706666961,2.85822400879401,0.706156521780145,-9.49837204967741,-3.42727649795384,4.58440047825189,8.61329506366379,20.3531270397889,7.21348119326908,5.94609418706288,13.2130897172855
"PPARG",-1.87559390815251,-12.428051893133,7.93948690937351,11.7006055678288,-6.8502721836056,10.2558573065418,-12.7200514095997,8.05320174633576,-17.3334447367865,-7.62737529451833,2.07739461343138,-11.6996990470857,5.74498260757006,-5.40316319005397,8.0949566460447,-9.59075868566073,10.0494419923596,-6.73694736380872,2.84784079066183,0.856442589940574,23.3802080305482,-19.0860340711564,12.8253156976786,6.29036524373386,16.2276221394085,0.656855489322129,-0.567884823392635,-16.2688235007584,17.9507065098091,-8.65107005046757,18.6347342478436,-19.2697423155663,1.36633301997256,-5.51870063972805,7.71153132748816,-4.81190981544883,2.8418607455745,-10.4582267724812,-8.66275143800234,-0.642155423184082,-6.84018422550861,-13.369926930341,-10.2361968560212,-18.238528159695,-16.6876075805916,-4.00409241930405,1.43007331799018,17.2680836906764,9.17365498808849,-15.204956193533,-1.80928258721389,9.84266459291313,17.7911780713401,10.0652080800575,27.3198391501635,14.6138116350522,19.7952473607407,17.7473819889245,10.7604650194687,-6.35081155786983,11.3672456601773,18.2641497485887,8.44858440810465,17.1188601720347,14.5805238348133,18.9559080421935,12.0985073358535,28.5299167168685,-17.1321130040739,-6.31298777747512,-16.1077389118082,12.9113650806294,4.71918365496325,5.81942814318034,11.1381182744152,2.65304146864717,-9.89607092946042,-5.08770699268933,-27.5079603507033,11.4091093549097,-1.58347345196777,-8.80283077637059,-4.27474710813052,-11.2381686384196,-20.7779826185139,-16.0971467953637,17.2764621017566,17.700765907745,4.11281101049275,-6.17612597863326,13.1315289521377,7.26390242446923,-3.12802089424077,8.6951689937588,-1.10716368771862,5.91831734489631,18.1144527214688,12.4762706690374,7.30072706456963,13.1922825290369,4.89286446578776,-17.803203197431,-2.82303753421112,12.8851674631189,-2.20573973799019,14.4749185603136,-13.1445040744858,17.6055981181871,21.2524496468311,7.32856013949682,25.1436168230852,14.8564235386077,1.81918081706637,-17.4027943607387,11.9310749933779,13.4556339786572,15.3442316553456,17.0662041471688,12.405927237374,-21.7083340057485,12.3071112764882,-13.6190065504435,1.70207844002736,8.23933164537318,13.0956588075171,18.2126664146555,19.2790253750382,15.4950949114753,10.7298565061533,-7.54135940561836,7.35274658241111,16.1084731709466,13.5872915062858,-19.5515888250097,2.37490445591537,-17.9967680421364,1.81711711264717,-12.4120995396834,1.5005869903854,0.465412436920572,7.96142531143401,-11.0132924573973,15.0707343493559,4.95903109857212,-5.96175928472078,14.6356253854681,5.24928092589433,5.00153319798802,13.085207418566,20.2871080245122,1.56129082535792,9.29774915763715,7.89383408429113,-10.9246356476271,-17.9405451516861,-4.61096489064749,14.2458225602204,-14.2358683626938,1.46516360043657,-17.2627468138024,-21.7474186902062,-5.65124381854729,-9.70006017531821,-11.3170425670431,2.7552597370223,-19.5716648328708,-18.6745508692443,10.6844015520014,9.60612273805121,-2.39160831914805,11.6684507488308,-10.2696112792397,10.7698292868207,4.02517402914468,1.39232524255492,-13.3261079198572,-3.83578927591187,6.48572932788293,9.7915132183401,23.1954122256694,9.64091988403136,9.52387860309262,17.4432017397431
"GRHL3",-0.761658294338161,-9.64761720537036,5.99955667196381,11.3641175777331,-1.87633170143459,8.50615202623915,-7.88025541266852,6.8077707814635,-11.0101139290923,-5.62663690381845,0.345000590770338,-6.35246027564021,5.35073969934066,0.896746841839999,6.31033981946092,-8.36338919476411,12.2243607572746,-5.07039596072725,5.30324515189446,1.72384998853581,11.8727187671309,-12.9730346817351,7.12844461116472,4.74560672802667,11.7034690199379,1.60107544160316,2.44106462221118,-11.0970095988771,15.4267974349894,-7.47521719330806,14.4205976879611,-13.5897654662573,1.69217654905395,-4.09172248697852,5.96605895944984,-4.4662013316751,3.40859395845265,-8.88583080189572,-3.93254590411458,2.46787851524434,-2.92078275800293,-9.96173389324277,-7.65114323065735,-14.6256969033152,-9.82052654068315,-3.07495033274097,-1.05920926417096,9.80364201002688,3.44745466302073,-11.8903047926559,-0.671345730632491,7.16399440871753,8.50134418777505,7.93209063695718,15.1287499909969,9.54515146644935,9.86163949430602,8.85039691582526,6.95816905278288,-2.7374438574672,5.56173155443222,7.83505220264549,7.62085226199902,17.4475045774426,7.78706628950659,9.26568603769741,8.73616443764769,18.9652781088152,-11.2185619870731,-6.80574625061011,-12.0436052179352,9.31885657156813,5.11397612685323,10.4251860153566,9.01904469097056,4.75513802069069,-6.37803238223698,-3.37294825707347,-20.6646763000017,7.09541017224207,-1.9742947176652,-4.10249837199538,-3.50068075300536,-8.3396073416032,-14.2653350060114,-11.3245425760188,9.69272882111273,10.8935042426706,4.2529969264162,-4.25689842645825,10.1630348482669,4.2456807568563,-1.24355170245079,5.87825139940421,-0.102586012426411,4.0751785633329,10.1313386615374,6.05082978235453,7.57686084040695,10.796545349318,4.3699021581799,-9.80634369240925,-0.397962639184004,7.29014997691685,-1.28264167626405,9.08343513890007,-9.8013880085174,8.99248740884353,13.6304949365953,2.37322081601426,14.2265389089477,8.26500590932368,3.19515961504669,-9.00797609556448,7.39375864993561,5.74821500093186,8.72891603700339,9.17211707390297,8.09658013886239,-14.3401857760382,8.21571857791495,-8.74579312424685,1.29397525220635,5.55231644766785,6.56293111160483,10.1178807471763,12.8724224784568,9.63983447252291,6.71056470322214,-4.82781400958057,3.28681336441547,7.0406009538904,6.95230625459443,-14.8089875290728,2.93473565586647,-12.0779359803873,3.32393728447949,-6.52158254684342,0.692805842575413,0.115901526818709,4.56465406180458,-6.11759674447382,6.96514327810908,3.876940329659,0.233819293651487,10.4967036884448,6.29847720916214,5.76553330731384,7.49767267254002,13.5909333693964,-0.100549378030252,7.55803320075961,3.12609871296556,-7.01968468272828,-11.83227800665,-1.08397091912089,11.1081092015882,-10.4996966126114,3.2886037112806,-10.9732426709628,-11.6423144397384,-5.06087357199546,-5.59581527834788,-7.27498502588592,4.61263465208772,-17.301578565345,-10.6402701198796,5.93947641267059,8.48418887339507,-0.856143707685324,10.8036009372658,-6.71483610416363,5.84096359028452,3.17091797939109,0.634717543694129,-7.16222952996276,0.165412648020083,7.63771225074639,4.75644478333073,17.3397999917182,6.10187323597061,6.05762662666703,11.9946751423696
"ELF5",-0.411194338324538,-5.82640242170192,1.06488099347946,4.29455508276116,-1.89688891281365,2.11096722023342,-8.35324814386609,1.53828459482169,-9.50373906310069,-2.75497812680598,-0.265676782936156,-7.56016263878263,1.55779552960428,-3.86519631662447,4.34661149788969,-5.73873143249653,3.49863097228501,-4.82687473691231,-0.363928409836621,-0.470276002564615,12.1225153753328,-14.2914755305266,7.99464327058581,2.65852343610835,6.35521395180514,-0.981511013834245,-1.73359137169424,-6.63277555149685,6.05681889880588,-5.18146241237243,6.08780540211076,-12.2344549326254,0.560598227489763,-0.199063649412084,6.28295727533244,-1.90748819959002,2.93875596570329,-4.8839638923564,-5.31426774895793,-1.09113081874567,-2.09676950977709,-5.08007099408143,-4.72114215476628,-13.5685336275749,-11.798878373983,-3.66448719420792,1.18312994021873,10.5585646091242,6.73915225164166,-13.9883954842496,-0.140548902783231,2.9613180193622,10.9648240295789,5.28839810930616,13.1479747050317,8.03739182474196,10.0247901831623,9.24283900132191,3.53256694175534,-4.42109855821878,6.29228587798042,8.98501686753258,2.97899243535055,6.0323724852298,5.96866374218547,6.72546733655702,7.39643313236211,13.53236058263,-4.88405216759088,-1.09598061159914,-6.88357703357304,6.98333995065862,2.67688859025142,3.18505112893769,4.55434783909712,1.07338935183929,-1.14392617771703,-0.980548722978283,-18.318960702721,5.57218261551578,-1.39655524590718,-4.0028395607953,-0.321354139095757,-9.02820287585808,-9.39991572947489,-4.29071900308416,9.85515675419598,10.2558939347362,2.98644189313451,1.29417926588045,3.39131911926384,5.30201538196454,1.04124485091071,3.27336218388993,0.0617728493076028,2.59473590074664,6.47515787273932,9.22994277456607,1.88590917962257,5.30484559341074,4.00593643114806,-10.5862061309506,-1.45291904748708,6.03104113917779,-2.08586644179529,6.65801193009828,-4.82881878472893,9.42345548427307,11.5593480970908,5.04298587930688,10.6848551216367,5.6293438114664,-0.294854290675364,-9.76253883348362,4.40367831138042,7.22829565564254,8.38729995108762,9.35230229582839,5.7529451851513,-15.2946276002726,7.31013214038344,-8.45269147396081,4.95246025859533,7.11251526970582,8.54584986162273,9.21417201608412,11.4632621458477,10.4583345642358,7.14656523082911,-5.0036440610324,6.62455302985773,8.04527316692389,6.34858816482754,-8.13576934288387,3.52804939664374,-10.6312999216247,2.85345494023662,-7.28643487940883,2.53009688219009,1.82401450551898,4.94516367146768,-5.34745689064092,8.4378339546922,2.01145308450039,-2.44248702203269,6.96183452904734,1.81207056447184,3.20824929281804,8.27442772492796,9.744108884051,-2.87528738422446,4.51635241249263,4.40108736782277,-6.1861902850986,-13.6168091807146,-1.26832516378368,7.88437128251938,-6.34333097012823,-0.36412152063461,-14.1363568670492,-6.59196849971138,-4.8824285233257,-2.70540013624109,-5.66916600523104,-0.568757467698203,-14.6623543678491,-10.3880807624453,5.43209188328901,1.73260957453532,-2.31842237209913,4.15269289401061,-3.63068986202568,6.58569354970349,1.54277533079067,3.0239611864053,-4.00206442353795,-1.52449031879365,1.15698083365315,6.24720272906458,11.632161697561,3.99732913434209,6.56866617539045,9.23655413505424
"FOXQ1",-2.45206186121202,-12.4322399387053,5.8974589126273,6.77903364633885,-6.20554177475977,7.28654275506484,-7.35404100033183,4.82406660617047,-7.62766986093342,-4.01988029978552,2.85342852109891,-2.71996609032124,1.79988679488914,-2.31931406596076,5.61969076085801,-5.84128440940982,6.10754031471723,-1.89950110054041,3.0195847148153,-1.28068259336662,18.3181873845901,-9.32707201407655,9.50963251197923,4.70793726718338,6.08670175491281,-1.68764128264636,-3.13185269582683,-8.23884944032893,9.37309124680846,-3.56327644449012,11.2840278371641,-8.66559858521269,-1.11796895477677,-5.65565492846646,5.80308796181881,-3.8808785210181,1.24407393565404,-5.12654490622971,-1.14555694581277,-0.813685912683431,-8.1371408428163,-11.1612044650701,-11.635006700622,-7.17748391999218,-8.53845704989702,-4.80114807144731,0.684718123207614,7.24914460393661,0.944550365043806,-8.21572497180297,0.468106180352034,5.41368964296513,9.23758319196174,5.66896093672602,16.4701754982771,9.62015594198239,9.99445841634885,10.9145576080595,9.97797404434757,-2.73951411118727,6.36493351728986,12.2631773838976,5.20636384697651,11.6828033152378,10.5393568623742,16.4096641426357,10.0599181614415,17.2704222990713,-13.8319489088605,-5.17553198186568,-10.1466691580869,12.2761577392089,3.38698673521281,2.90871912077747,6.98372316118814,1.80480583211287,-4.26929328378807,-5.03994321477986,-12.5347824719939,6.08003273576328,-0.146178817054364,-8.59120465376513,-4.42445640233862,-8.5856105323005,-12.9199406032882,-13.3608137800286,9.45030765829699,13.9770025673402,1.37481159097701,-5.40685851797852,5.00384523124841,0.818452803218874,-4.87595954461192,4.87872469188413,0.111191923116628,10.0613256551974,15.7040174477662,9.50526154646114,2.85374111051362,7.05513545580295,-1.14650106414909,-7.39070042220054,-2.89689333572083,5.95525521815132,-1.42304571500364,9.21808204248444,-11.1135140254896,12.0819244220842,14.9717149773712,2.51482694453273,15.6497910835261,11.4628222241022,-0.00979589068757889,-7.58173937411121,4.04161903901421,7.41085059942339,9.548595755565,8.54537726529596,7.52705408998639,-9.71936680060391,9.32063554283452,-4.94005623764619,-1.15728512530213,3.8146628197884,9.17515481694037,16.0622442305911,13.7701687378642,11.7678002862364,4.04477044302523,-7.59215322581473,5.01693684627858,12.2473790608547,9.86589970405889,-10.54209370246,1.30941350206309,-9.40941399004974,5.75775312718147,-9.32787652427422,1.99838865523653,-1.01400892689313,2.27018593565585,-1.93371867159469,14.0678481530987,6.82932870744395,-1.87860297125778,9.45736976646944,5.87007887562085,0.811350939656367,10.9070014015265,12.8733580826809,2.32664226176724,8.6066320489969,5.58489947957616,-8.83660741615276,-7.29930765179028,-2.84743689628516,6.73266616622916,-6.36691385403912,-1.43648014845644,-7.35863068559171,-13.5915912908359,-4.91652352615146,-8.66509508827743,-4.89404304559642,2.74235696919585,-13.6455432319971,-7.25502619287262,6.58343444509283,6.93273777189861,-0.39207801525491,5.0430228543335,-7.56567929117108,5.97797764038999,4.54998542668381,6.29553107782307,-6.72752558720162,1.26575437827369,3.24750779354574,7.67377546262301,15.6041385167334,9.75687486085337,8.7790675719737,11.5071535640663
